Retailer,Category,Item,Price (VND),7 ngày change,1 tháng change,6 tháng change,1 năm change,Product URL
MemoryZone,RAM Laptop,RAM Laptop ADATA Premier 8GB DDR4 3200MHz 1.2v AD4S32008G22-SGN,1.850.000,+0%,,,,https://memoryzone.com.vn/ram-laptop-adata-premier-8gb-ddr4-3200mhz-1x8gb-ad4s32008g22-sgn
MemoryZone,RAM Laptop,Ram Laptop Acer SD100 DDR4 16GB 3200MHz 1.2v SD100-16GB,2.990.000,+0%,,,,https://memoryzone.com.vn/ram-laptop-acer-sd100-ddr4-16gb-3200mhz-1-2v-sd100-16gb
MemoryZone,RAM Laptop,RAM Laptop Acer SD200 16GB DDR5 5600MHz 1.1v BL.9BWWA.414,5.500.000,,,,,https://memoryzone.com.vn/ram-laptop-acer-sd200-16gb-ddr5-5600mhz-1-1v-bl-9bwwa-414
MemoryZone,RAM Laptop,RAM Laptop ADATA 16GB DDR5 5600MHz 1.1v AD5S560016G-S,5.500.000,+0%,,,,https://memoryzone.com.vn/ram-laptop-adata-16gb-ddr5-5600mhz-1-1v-ad5s560016g-s
MemoryZone,RAM Laptop,Ram Laptop Crucial DDR5 32GB 5600MHz 1.1v CT32G56C46S5,10.990.000,+0%,,,,https://memoryzone.com.vn/ram-laptop-crucial-ddr5-32gb-5600mhz-1-1v-ct32g56c46s5
MemoryZone,SSD,SSD Transcend 115S 250GB PCIe Gen3 x4 NVMe M.2 TS250GMTE115S,1.250.000,+0%,,,,https://memoryzone.com.vn/ssd-transcend-115s-250gb-pcie-gen3-x4-nvme-m-2-ts250gmte115s
MemoryZone,SSD,SSD PNY CS1031 M.2 PCIe Gen3 x4 NVMe 256GB M280CS1031-256-CL,1.250.000,+0%,,,,https://memoryzone.com.vn/ssd-pny-cs1031-m-2-pcie-gen3-x4-nvme-256gb-m280cs1031-256-cl
MemoryZone,SSD,SSD Patriot P400 Lite 500GB M.2 PCIe Gen4 x4 NVMe P400LP500GM28H,1.990.000,+0%,,,,https://memoryzone.com.vn/ssd-patriot-p400-lite-500gb-m-2-pcie-gen4-x4-nvme-p400lp500gm28h
MemoryZone,SSD,SSD Patriot P400 Lite 1TB M.2 PCIe Gen4 x4 NVMe P400LP1KGM28H,2.750.000,+0%,,,,https://memoryzone.com.vn/ssd-patriot-p400-lite-1tb-m-2-pcie-gen4-x4-nvme-p400lp1kgm28h
MemoryZone,SSD,SSD Biwin NV7200 1TB M.2 PCIe Gen4 x4 NVMe BNV720001TB-RGX,2.990.000,+0%,,,,https://memoryzone.com.vn/ssd-biwin-nv7200-1tb-m-2-pcie-gen4-x4-nvme-bnv720001tb-rgx
MemoryZone,SSD,SSD Biwin Black Opal NV7400 1TB M.2 PCIe Gen4 x4 NVMe BNV740001TB-RGX,3.650.000,,,,,https://memoryzone.com.vn/ssd-biwin-black-opal-nv7400-1tb-m-2-pcie-gen4-x4-nvme-bnv740001tb-rgx
MemoryZone,SSD,SSD Kioxia Exceria Plus G3 1TB M.2 PCIe Gen4 x4 BiCS FLASH LSD10Z001TG8,3.650.000,+0%,,,,https://memoryzone.com.vn/ssd-kioxia-toshiba-exceria-plus-g3-1tb-m-2-pcie-gen4-x4-bics-flash-lsd10z001tg8
MemoryZone,SSD,SSD Lexar Play X 512GB M.2 PCIe Gen4 x4 NVMe LNMPLYX512G-RNNNG,3.900.000,+0%,,,,https://memoryzone.com.vn/ssd-lexar-play-x-512gb-m-2-pcie-gen4-x4-nvme-lnmplyx512g-rnnng
MemoryZone,SSD,SSD Kioxia Exceria Plus G4 1TB M.2 PCIe Gen5 x4 BiCS FLASH LVD10Z001TG8,4.300.000,+0%,,,,https://memoryzone.com.vn/ssd-kioxia-exceria-plus-g4-1tb-m-2-pcie-gen5-x4-bics-flash-lvd10z001tg8
MemoryZone,SSD,SSD Western Digital Blue SA510 1TB 3D-NAND 2.5-Inch SATA III WDS100T3B0A,4.300.000,+0%,,,,https://memoryzone.com.vn/ssd-western-digital-blue-sa510-1tb-3d-nand-2-5-inch-sata-iii-wds100t3b0a
MemoryZone,SSD,SSD WD Black SN7100 1TB PCIe Gen4 x4 NVMe M.2 WDS100T4X0E,4.500.000,+0%,,,,https://memoryzone.com.vn/ssd-wd-black-sn7100-1tb-pcie-gen4-x4-nvme-m-2-wds100t4x0e
MemoryZone,SSD,SSD Acer Predator GM7000 1TB PCIe Gen4 x4 NVMe M.2 GM7000-1TB,4.500.000,+0%,,,,https://memoryzone.com.vn/ssd-acer-predator-gm7000-1tb-pcie-gen4-x4-nvme-m-2-gm7000-1tb
MemoryZone,SSD,SSD Crucial P510 1TB M.2 PCIe Gen5 x4 NVMe CT1000P510SSD8,4.750.000,+0%,,,,https://memoryzone.com.vn/ssd-crucial-p510-1tb-m-2-pcie-gen5-x4-nvme-ct1000p510ssd8
MemoryZone,SSD,SSD Biwin NV7200 2TB M.2 PCIe Gen4 x4 NVMe BNV720002TB-RGX,5.300.000,+0%,,,,https://memoryzone.com.vn/ssd-biwin-nv7200-2tb-m-2-pcie-gen4-x4-nvme-bnv720002tb-rgx
MemoryZone,SSD,SSD Crucial 1TB T705 M.2 PCIe Gen5 x4 NVMe CT1000T705SSD3,5.500.000,+0%,,,,https://memoryzone.com.vn/ssd-crucial-1tb-t705-m-2-pcie-gen5-x4-nvme-ct1000t705ssd3
MemoryZone,SSD,SSD Lexar Play X 1TB M.2 PCIe Gen4 x4 NVMe LNMPLYX001T-RNNNG,5.900.000,+0%,,,,https://memoryzone.com.vn/ssd-lexar-play-x-1tb-m-2-pcie-gen4-x4-nvme-lnmplyx001t-rnnng
MemoryZone,SSD,SSD HP FX900 Plus 2TB M.2 PCIe 4.0 x4 NVMe 7F618AA,5.950.000,+0%,,,,https://memoryzone.com.vn/ssd-hp-fx900-plus-2tb-m-2-pcie-4-0-x4-nvme-7f618aa
MemoryZone,SSD,SSD Samsung 9100 Pro 1TB PCIe Gen5 x4 NVMe MZ-VAP1T0BW,7.450.000,+0%,,,,https://memoryzone.com.vn/ssd-samsung-9100-pro-1tb-pcie-gen5-x4-nvme-mz-vap1t0bw
MemoryZone,SSD,SSD Acer Predator GM7000 2TB PCIe Gen4 x4 NVMe M.2 GM7000-2TB,7.500.000,+0%,,,,https://memoryzone.com.vn/ssd-acer-predator-gm7000-2tb-pcie-gen4-x4-nvme-m-2-gm7000-2tb
MemoryZone,SSD,SSD WD Black SN8100 1TB PCIe Gen5 x4 NVMe M.2 WDS100T1X0M,8.900.000,+0%,,,,https://memoryzone.com.vn/ssd-wd-black-sn8100-1tb-pcie-gen5-x4-nvme-m-2-wds100t1x0m
MemoryZone,Laptop,"Laptop ASUS ExpertBook P1 P1403CVA-C5H16-50W (Core 5 210H, Intel Graphics, RAM 16GB DDR5, SSD 512GB, 14 Inch IPS FHD 60Hz, Win 11 Home)",23.400.000,-6%,,,,https://memoryzone.com.vn/laptop-asus-expertbook-p1-p1403cva-c5h16-50w
MemoryZone,Laptop,"Laptop Lenovo ThinkBook 16 G8 IRL 21SH0097VN (Core 5 210H, Intel Graphics, RAM 16GB DDR5, SDD 512GB, 16 Inch IPS WUXGA 60Hz, Window 11 Home)",25.900.000,+0%,,,,https://memoryzone.com.vn/laptop-lenovo-thinkbook-16-g8-irl-21sh0097vn
MemoryZone,Laptop,"Laptop MSI Cyborg 15 A13UC-2088VN (i5-13420H, RTX 3050 4GB, RAM 16GB D5, SSD 512GB, 15.6 Inch FHD IPS 144Hz)",26.000.000,+0%,,,,https://memoryzone.com.vn/laptop-msi-cyborg-15-a13uc-2088vn
MemoryZone,Laptop,"Laptop Lenovo V14 G5 IRL 83HD0035VN (Core 7 240H, Intel Graphics, RAM 16GB DDR5, 512GB SSD, 14 Inch IPS FHD 60Hz, Win11)",28.500.000,+0%,,,,https://memoryzone.com.vn/laptop-lenovo-v14-g5-irl-83hd0035vn
MemoryZone,Laptop,"Laptop Lenovo ThinkPad E16 Gen 3 21SR00A6VA (Ultra 5 135H, Intel Arc Graphics, RAM 16GB DDR5, SSD 512GB, 16 Inch IPS WUXGA 60Hz, NoOS)",29.900.000,+0%,,,,https://memoryzone.com.vn/laptop-lenovo-thinkpad-e16-gen-3-21sr00a6va
MemoryZone,Laptop,"Laptop Lenovo ThinkPad E14 Gen 7 21SX002SVA (Ultra 7 255H, Arc Graphics, RAM 16GB DDR5, SSD 512GB, 14 Inch IPS WUXGA 60Hz, NoOS)",32.900.000,+0%,,,,https://memoryzone.com.vn/laptop-lenovo-thinkpad-e14-gen-7-21sx002sva
MemoryZone,Laptop,"Laptop MSI Cyborg 15 C13WEO-417VN (i7-13620H, RTX 5050 8GB, RAM 16GB DDR4, SSD 512GB, 15.6 Inch IPS FHD 144Hz 100% sRGB, Win 11 Home)",35.500.000,,,,,https://memoryzone.com.vn/laptop-msi-cyborg-15-c13weo-417vn
MemoryZone,Laptop,"Laptop MSI Cyborg 15 B2RWFKG-047VN (Core 5 210H, RTX 5060 8GB, RAM 16GB D5, SSD 512GB, 15.6 Inch FHD IPS 144Hz)",35.900.000,+0%,,,,https://memoryzone.com.vn/laptop-msi-cyborg-15-b2rwfkg-047vn
MemoryZone,Laptop,"Laptop Asus ExpertBook P5 P5405CSA-NZ0017W (Ultra 7 258V, Intel Arc Graphics, RAM 32GB LPDDR5X, SSD 1TB, 14 Inch WVA WQXGA 144Hz, Win 11 Home)",36.300.000,+0%,,,,https://memoryzone.com.vn/laptop-asus-expertbook-p5-p5405csa-nz0017w
MemoryZone,Laptop,"Laptop MSI Modern 14S AI+ G3MG-050VN (Ultra 7 355, Intel Graphics, RAM 16GB DDR5, SSD 1TB, 14 Inch OLED FHD+ 60Hz 100% DCI-P3, Win 11 Home)",36.500.000,+0%,,,,https://memoryzone.com.vn/laptop-msi-modern-14s-ai-plus-g3mg-050vn
MemoryZone,Laptop,"Laptop Lenovo ThinkPad E14 Gen 7 21U2006FVA (Ultra 7 258V, Intel Arc Graphics, RAM 32GB, SSD 512GB, 14 Inch WUXGA 60Hz, NoOS)",36.500.000,,,,,https://memoryzone.com.vn/laptop-lenovo-thinkpad-e14-gen-7-21u2006fva
MemoryZone,Laptop,"Laptop Lenovo LOQ 15IRX10 83JE01AGVN (i7-13645HX, RTX 5050 8GB, RAM 16GB DDR5, SSD 512GB, 15.6 Inch IPS FHD 144Hz 100% sRGB, Win 11 Home)",36.900.000,,,,,https://memoryzone.com.vn/laptop-lenovo-loq-15irx10-83je01agvn
MemoryZone,Laptop,"Laptop Lenovo ThinkPad E16 Gen 3 21SR002LVA (Ultra 7 255H, Intel Arc Graphics, RAM 16GB DDR5, SSD 512GB, 16 Inch IPS FHD+ 60Hz, NoOS)",36.900.000,+0%,,,,https://memoryzone.com.vn/laptop-lenovo-thinkpad-e16-gen-3-21sr002lva
MemoryZone,Laptop,"Laptop MSI Cyborg 15 B2RWFKG-048VN (Core 7 240H, RTX 5060 8GB, RAM 16GB D5, SSD 512GB, 15.6 Inch FHD IPS 144Hz)",37.900.000,+0%,,,,https://memoryzone.com.vn/laptop-msi-cyborg-15-b2rwfkg-048vn
MemoryZone,HDD,HDD Toshiba S300 Surveillance 2TB 3.5 inch SATA III 128MB Cache 5400RPM HDWT720UZSVA,2.990.000,+4.9%,,,,https://memoryzone.com.vn/hdd-toshiba-s300-surveillance-2tb-3-5-inch-sata-iii-128mb-cache-5400rpm-hdwt720uzsva
MemoryZone,HDD,HDD Toshiba S300 Surveillance 4TB 3.5 inch SATA III 256MB Cache 5400RPM HDWT840UZSVA,4.790.000,,,,,https://memoryzone.com.vn/hdd-toshiba-s300-surveillance-4tb-3-5-inch-sata-iii-256mb-cache-5400rpm-hdwt840uzsva
MemoryZone,HDD,HDD WD Red Plus 4TB 3.5 inch SATA III 128MB Cache 5400RPM WD40EFZZ,5.500.000,+0%,,,,https://memoryzone.com.vn/hdd-wd-red-plus-4tb-3-5-inch-sata-iii-128mb-cache-5400rpm-wd40efzz
MemoryZone,HDD,HDD Synology HAT3300 Plus 4TB 3.5 inch SATA 256MB Cache 5400RPM HAT3300-4T,6.150.000,+0%,,,,https://memoryzone.com.vn/hdd-synology-hat3300-4tb-3-5-inch-sata-256mb-cache-5400rpm-hat3300-4t
MemoryZone,HDD,HDD Toshiba S300 Surveillance 6TB 3.5 inch SATA III 256MB Cache 5400RPM HDWT860UZSVA,6.500.000,,,,,https://memoryzone.com.vn/hdd-toshiba-s300-surveillance-6tb-3-5-inch-sata-iii-256mb-cache-5400rpm-hdwt860uzsva
MemoryZone,HDD,HDD WD Black 4TB 3.5 inch SATA III 256MB Cache 7200RPM WD4006FZBX,6.750.000,+0%,,,,https://memoryzone.com.vn/hdd-wd-black-4tb-3-5-inch-sata-iii-256mb-cache-7200rpm-wd4006fzbx
MemoryZone,HDD,HDD WD Red Plus 6TB 3.5 inch SATA III 256MB Cache 5400RPM WD60EFPX,7.950.000,+0%,,,,https://memoryzone.com.vn/hdd-wd-red-plus-6tb-3-5-inch-sata-iii-256mb-cache-5400rpm-wd60efpx
MemoryZone,HDD,HDD WD Black 6TB 3.5 inch SATA III 256MB Cache 7200RPM WD6004FZBX,8.500.000,+0%,,,,https://memoryzone.com.vn/hdd-wd-black-6tb-3-5-inch-sata-iii-256mb-cache-7200rpm-wd6004fzbx
MemoryZone,HDD,HDD Synology HAT3300 Plus 6TB 3.5 inch SATA 256MB Cache 5400RPM HAT3300-6T,8.900.000,+0%,,,,https://memoryzone.com.vn/hdd-synology-hat3300-6tb-3-5-inch-sata-256mb-cache-5400rpm-hat3300-6t
MemoryZone,HDD,HDD WD Ultrastar DC HA340 6TB 3.5 inch SATA III 256MB Cache 7200RPM WUS721206BLE6L4,8.990.000,+0%,,,,https://memoryzone.com.vn/hdd-wd-ultrastar-dc-ha340-6tb-3-5-inch-sata-iii-256mb-cache-7200rpm-wus721206ble6l4
MemoryZone,HDD,HDD WD Red Plus 8TB 3.5 inch SATA III 256MB Cache 5640RPM WD80EFPX,10.350.000,+0%,,,,https://memoryzone.com.vn/hdd-wd-red-plus-8tb-3-5-inch-sata-iii-256mb-cache-5640rpm-wd80efpx
MemoryZone,HDD,HDD Toshiba S300 Pro Surveillance 8TB 3.5 inch SATA III 512MB Cache 7200RPM MD10ADA800V,10.900.000,,,,,https://memoryzone.com.vn/hdd-toshiba-s300-pro-surveillance-8tb-3-5-inch-sata-iii-512mb-cache-7200rpm-md10ada800v
MemoryZone,HDD,HDD Synology HAT3320 Plus 8TB 3.5 inch SATA 512MB Cache 7200 RPM HAT3320-8T,12.450.000,+0%,,,,https://memoryzone.com.vn/hdd-synology-hat3320-8tb-3-5-inch-sata-512mb-cache-7200-rpm-hat3320-8t
MemoryZone,HDD,HDD WD Ultrastar DC HA340 10TB 3.5 inch SATA III 512MB Cache 7200RPM WUS721210BLE6L4,13.900.000,+0%,,,,https://memoryzone.com.vn/hdd-wd-ultrastar-dc-ha340-10tb-3-5-inch-sata-iii-512mb-cache-7200rpm-wus721210ble6l4
MemoryZone,HDD,HDD Synology HAT3310 Plus 12TB 3.5 inch SATA 512MB Cache 7200 RPM HAT3310-12T,15.300.000,+0%,,,,https://memoryzone.com.vn/hdd-synology-hat3310-12tb-3-5-inch-sata-256mb-cache-7200-rpm-hat3310-12t
MemoryZone,HDD,HDD WD Ultrastar DC HA340 12TB 3.5 inch SATA III 512MB Cache 7200RPM WUS721212BLE6L4,16.390.000,+0%,,,,https://memoryzone.com.vn/hdd-wd-ultrastar-dc-ha340-12tb-3-5-inch-sata-iii-512mb-cache-7200rpm-wus721212ble6l4
MemoryZone,HDD,HDD Synology HAT5320 8TB 3.5 inch SATA 512MB Cache 7200RPM HAT5320-8T,16.900.000,+0%,,,,https://memoryzone.com.vn/hdd-synology-hat5320-8tb-3-5-inch-sata-512mb-cache-7200rpm-hat5320-8t
MemoryZone,HDD,HDD Synology HAT3310 Plus 16TB 3.5 inch SATA 512MB Cache 7200 RPM HAT3310-16T,17.990.000,-1.7%,,,,https://memoryzone.com.vn/hdd-synology-hat3310-16tb-3-5-inch-sata-512mb-cache-7200-rpm-hat3310-16t
MemoryZone,HDD,HDD Synology HAT5300 12TB 3.5 inch SATA 256MB Cache 7200RPM HAT5300-12T,19.750.000,+0%,,,,https://memoryzone.com.vn/hdd-synology-hat5300-12tb-3-5-inch-sata-256mb-cache-7200rpm-hat5300-12t
MemoryZone,HDD,HDD Synology HAT3320 Plus 20TB 3.5 inch SATA 1GB Cache 7200 RPM HAT3320-20T,21.900.000,+0%,,,,https://memoryzone.com.vn/hdd-synology-hat3320-plus-20tb-3-5-inch-sata-1gb-cache-7200-rpm-hat3320-20t
MemoryZone,VGA - Card màn hình,VGA MSI GeForce RTX 3050 VENTUS 2X E 6G OC GDDR6,5.500.000,+0%,,,,https://memoryzone.com.vn/vga-msi-geforce-rtx-3050-ventus-2x-e-6g-oc-gddr6
MemoryZone,VGA - Card màn hình,VGA Asus GeForce RTX 3050 DUAL 6GB OC GDDR6 DUAL-RTX3050-O6G,5.500.000,+0%,,,,https://memoryzone.com.vn/vga-asus-geforce-rtx-3050-dual-6gb-oc-gddr6-dual-rtx3050-o6g
MemoryZone,VGA - Card màn hình,VGA Leadtek NVIDIA Quadro RTX A400 4GB GDDR6,5.590.000,+0%,,,,https://memoryzone.com.vn/vga-leadtek-nvidia-quadro-a400-4gb-gddr6
MemoryZone,VGA - Card màn hình,VGA SPARKLE Intel Arc A750 ROC OC Edition 8GB GDDR6,7.390.000,+0%,,,,https://memoryzone.com.vn/vga-sparkle-intel-arc-a750-roc-oc-edition-8gb-gddr6-a750-roc-8g
MemoryZone,VGA - Card màn hình,VGA MAXSUN Intel ARC B580 Milestone 12G GDDR6,9.690.000,+0%,,,,https://memoryzone.com.vn/vga-maxsun-intel-arc-b580-milestone-12g-gddr6
MemoryZone,VGA - Card màn hình,VGA SPARKLE Intel Arc A770 ROC OC Edition 16GB GDDR6,9.890.000,+0%,,,,https://memoryzone.com.vn/vga-sparkle-intel-arc-a770-roc-oc-edition-16gb-gddr6-a770-roc-16g
MemoryZone,VGA - Card màn hình,VGA MSI GeForce RTX 5060 SHADOW 2X OC 8GB GDDR7,9.900.000,+3.7%,,,,https://memoryzone.com.vn/vga-msi-geforce-rtx-5060-shadow-2x-oc-8gb-gddr7
MemoryZone,VGA - Card màn hình,VGA MAXSUN Intel ARC B580 iCraft 12G GDDR6,10.390.000,+0%,,,,https://memoryzone.com.vn/vga-maxsun-intel-arc-b580-icraft-12g-gddr6
MemoryZone,VGA - Card màn hình,VGA MSI GeForce RTX 5060 VENTUS 2X OC 8GB GDDR7,10.500.000,+8.8%,,,,https://memoryzone.com.vn/vga-msi-geforce-rtx-5060-ventus-2x-oc-8gb-gddr7
MemoryZone,VGA - Card màn hình,VGA Leadtek NVIDIA QUADRO RTX A1000 8GB GDDR6,13.990.000,+0%,,,,https://memoryzone.com.vn/vga-leadtek-nvidia-quadro-rtx-a1000-8gb-gddr6
MemoryZone,VGA - Card màn hình,VGA Sapphire NITRO+ Radeon RX 9060 XT GAMING OC 16GB GDDR6,14.900.000,+0%,,,,https://memoryzone.com.vn/vga-sapphire-nitro-radeon-rx-9060-xt-gaming-oc-16gb-gddr6
MemoryZone,VGA - Card màn hình,VGA Gigabyte GeForce RTX 5060 Ti AERO OC 16GB GDDR7,16.900.000,+0%,,,,https://memoryzone.com.vn/vga-gigabyte-geforce-rtx-5060-ti-aero-oc-16gb-gddr7
MemoryZone,VGA - Card màn hình,VGA ASUS Dual GeForce RTX 5060 Ti OC Edition 16GB GDDR7,16.900.000,+0%,,,,https://memoryzone.com.vn/vga-asus-dual-geforce-rtx-5060-ti-oc-edition-16gb-gddr7
MemoryZone,VGA - Card màn hình,VGA MSI GeForce RTX 5070 SHADOW 2X OC 12GB GDDR7,19.500.000,+3.2%,,,,https://memoryzone.com.vn/vga-msi-geforce-rtx-5070-12gb-shadow-2x-oc-gddr7
MemoryZone,VGA - Card màn hình,VGA ASUS Dual GeForce RTX 5070 OC Edition 12GB GDDR7,19.600.000,+3.4%,,,,https://memoryzone.com.vn/vga-asus-dual-geforce-rtx-5070-oc-edition-12gb-gddr7
MemoryZone,VGA - Card màn hình,VGA Sapphire PURE Radeon RX 9070 XT Gaming OC 16GB GDDR6,24.250.000,+0%,,,,https://memoryzone.com.vn/vga-sapphire-pure-radeon-rx-9070-xt-gaming-oc-16gb-gddr6
MemoryZone,VGA - Card màn hình,VGA Sapphire NITRO+ Radeon RX 9070 XT Gaming OC 16GB GDDR6,25.500.000,+0%,,,,https://memoryzone.com.vn/vga-sapphire-nitro-radeon-rx-9070-xt-gaming-oc-16gb-gddr6
MemoryZone,VGA - Card màn hình,VGA MSI GeForce RTX 5070 Ti 16GB SHADOW 3X OC GDDR7,28.900.000,+3.6%,,,,https://memoryzone.com.vn/vga-msi-geforce-rtx-5070-ti-16gb-shadow-3x-oc-gddr7
MemoryZone,Mainboard,Mainboard MSI PRO H610M-E DDR4,1.600.000,+0%,,,,https://memoryzone.com.vn/mainboard-pc-msi-pro-h610m-e-ddr4
MemoryZone,Mainboard,Mainboard MSI PRO H610M-S WIFI DDR4,2.050.000,+0%,,,,https://memoryzone.com.vn/mainboard-msi-pro-h610m-s-wifi-ddr4
MemoryZone,Mainboard,Mainboard MSI PRO B760M-B DDR4,2.250.000,+0%,,,,https://memoryzone.com.vn/mainboard-msi-b760m-b-ddr4-2
MemoryZone,Mainboard,Mainboard ASUS PRIME H810M-K DDR5,2.450.000,+0%,,,,https://memoryzone.com.vn/mainboard-asus-prime-h810m-k-ddr5
MemoryZone,Mainboard,Mainboard ASRock H810M-H DDR5,2.450.000,+0%,,,,https://memoryzone.com.vn/mainboard-asrock-h810m-h-ddr5
MemoryZone,Mainboard,Mainboard ASUS B760M-AYW WIFI DDR4,2.600.000,+0%,,,,https://memoryzone.com.vn/mainboard-pc-asus-b760m-ayw-wifi-d4
MemoryZone,Mainboard,Mainboard ASUS TUF GAMING B550M-PLUS WIFI II DDR4,2.950.000,+0%,,,,https://memoryzone.com.vn/mainboard-asus-tuf-gaming-b550m-plus-wifi-ii-ddr4
MemoryZone,Mainboard,Mainboard MSI B760M GAMING PLUS WIFI DDR4,3.100.000,+0%,,,,https://memoryzone.com.vn/mainboard-pc-msi-b760m-gaming-plus-wifi-ddr4
MemoryZone,Mainboard,Mainboard MSI PRO B840M-P WIFI6E DDR5,3.200.000,+0%,,,,https://memoryzone.com.vn/mainboard-msi-pro-b840m-p-wifi6e-ddr5
MemoryZone,Mainboard,Mainboard ASUS TUF GAMING B760M-PLUS WIFI DDR4,3.490.000,+0%,,,,https://memoryzone.com.vn/mainboard-pc-asus-tuf-gaming-b760m-plus-wifi-d4
MemoryZone,Mainboard,Mainboard MSI B760M GAMING PLUS WIFI DDR5,3.500.000,+0%,,,,https://memoryzone.com.vn/mainboard-pc-msi-b760m-gaming-plus-wifi
MemoryZone,Mainboard,Mainboard ASRock B650M Pro RS Wifi DDR5,3.600.000,+0%,,,,https://memoryzone.com.vn/mainboard-pc-asrock-b650m-pro-rs-wifi
MemoryZone,Mainboard,Mainboard ASUS TUF GAMING B760M-PLUS WIFI II DDR5,3.890.000,+0%,,,,https://memoryzone.com.vn/mainboard-pc-asus-tuf-gaming-b760m-plus-wifi-ii
MemoryZone,Mainboard,Mainboard MSI B860M GAMING WIFI DDR5,3.950.000,+0%,,,,https://memoryzone.com.vn/mainboard-msi-b860m-gaming-wifi-ddr5
MemoryZone,Mainboard,Mainboard MSI MPG B760I EDGE WIFI DDR5,4.750.000,+0%,,,,https://memoryzone.com.vn/mainboard-msi-mpg-b760i-edge-wifi-ddr5
MemoryZone,Mainboard,Mainboard MSI MAG B760M MORTAR WIFI II DDR5,4.800.000,+0%,,,,https://memoryzone.com.vn/mainboard-pc-msi-mag-b760m-mortar-wifi-ii
MemoryZone,Mainboard,Mainboard MSI PRO Z790-P WIFI DDR5,4.850.000,+0%,,,,https://memoryzone.com.vn/mainboard-msi-pro-z790-p-wifi-ddr5
MemoryZone,Mainboard,Mainboard MSI B860M GAMING PLUS WIFI DDR5,4.850.000,+0%,,,,https://memoryzone.com.vn/mainboard-pc-msi-b860m-gaming-plus-wifi
MemoryZone,PSU - Nguồn máy tính,Nguồn máy tính Gamdias AURA GP550 550W PSAURAGP550GA,590.000,+0%,,,,https://memoryzone.com.vn/nguon-may-tinh-gamdias-aura-gp550-550w-psauragp550ga
MemoryZone,PSU - Nguồn máy tính,Nguồn máy tính MSI MAG A650BNL 650W 80 Plus Bronze MAG-A650BNL,1.150.000,+0%,,,,https://memoryzone.com.vn/nguon-may-tinh-msi-mag-a650bnl-650w-80-plus-bronze-mag-a650bnl
MemoryZone,PSU - Nguồn máy tính,Nguồn máy tính MSI MAG A750BN PCIE5 III 750W 80 Plus Bronze MAG-A750BN-PCIE5-III,1.390.000,+0%,,,,https://memoryzone.com.vn/nguon-may-tinh-msi-mag-a750bn-pcie5-iii-750w-80-plus-bronze-mag-a750bn-pcie5-iii
MemoryZone,PSU - Nguồn máy tính,Nguồn máy tính Corsair CX750 750W 80 Plus Bronze CP-9020279-NA,1.490.000,+0%,,,,https://memoryzone.com.vn/nguon-may-tinh-corsair-cx750-750w-80-plus-bronze-cp-9020279-na
MemoryZone,PSU - Nguồn máy tính,Nguồn máy tính MSI MAG A850GN ATX 3.1 PCIe 5.1 850W 80 Plus Gold MAG-A850GN-PCIE5,1.900.000,+0%,,,,https://memoryzone.com.vn/nguon-may-tinh-msi-mag-a850gn-atx-3-1-pcie-5-1-850w-80-plus-gold
MemoryZone,PSU - Nguồn máy tính,Nguồn máy tính Corsair RM850e ATX 3.1 850W Cybenetics Gold CP-9020296-NA,2.660.000,+0%,,,,https://memoryzone.com.vn/nguon-may-tinh-corsair-rm850e-atx-3-1-850w-cybenetics-gold-cp-9020296-na
MemoryZone,PSU - Nguồn máy tính,Nguồn máy tính Corsair RM850e White ATX 3.1 850W Cybenetics Gold CP-9020293-NA,2.850.000,+0%,,,,https://memoryzone.com.vn/nguon-may-tinh-corsair-rm850e-white-atx-3-1-850w-cybenetics-gold-cp-9020293-na
MemoryZone,PSU - Nguồn máy tính,Nguồn máy tính SuperFlower ZILLION SFX 750W ATX 3.1 80 Plus Gold SF-750Z92SFG,3.300.000,+0%,,,,https://memoryzone.com.vn/nguon-may-tinh-superflower-zillion-sfx-750w-atx-3-1-80-plus-gold-sf-750z92sfg
MemoryZone,PSU - Nguồn máy tính,Nguồn máy tính MSI MAG A1000GL PCIE5 1000W 80 Plus Gold MAG-A1000GL-PCIE5,3.350.000,+0%,,,,https://memoryzone.com.vn/nguon-may-tinh-msi-mag-a1000gl-pcie5-1000w-80-plus-gold-mag-a1000gl-pcie5
MemoryZone,PSU - Nguồn máy tính,Nguồn máy tính SuperFlower ZILLION SFX 850W ATX 3.1 80 Plus Gold SF-850Z92SFG,3.590.000,+0%,,,,https://memoryzone.com.vn/nguon-may-tinh-superflower-zillion-sfx-850w-atx-3-1-80-plus-gold-sf-850z92sfg
MemoryZone,PSU - Nguồn máy tính,Nguồn máy tính Corsair RM1000e 1000W ATX 3.1 Cybenetics Gold CP-9020297-NA,3.690.000,+0%,,,,https://memoryzone.com.vn/nguon-may-tinh-corsair-rm1000e-atx-3-1-cybenetics-gold-cp-9020297-na
MemoryZone,PSU - Nguồn máy tính,Nguồn máy tính SuperFlower Leadex VII XG 1000W ATX3.1 80 Plus Gold SF-1000F14XG,4.050.000,+0%,,,,https://memoryzone.com.vn/nguon-may-tinh-superflower-leadex-vii-xg-1000w-atx3-1-80-plus-gold-sf-1000f14xg
MemoryZone,PSU - Nguồn máy tính,Nguồn máy tính Corsair RM1200e 1200W ATX 3.1 80 Plus Gold CP-9020258-NA,4.350.000,+0%,,,,https://memoryzone.com.vn/nguon-may-tinh-corsair-rm1200e-1200w-atx-3-1-80-plus-gold-cp-9020258-na
MemoryZone,PSU - Nguồn máy tính,Nguồn máy tính SuperFlower Leadex VII XG 1000W ATX 3.1 White 80 Plus Gold SF-1000F14XG-WH,4.450.000,+0%,,,,https://memoryzone.com.vn/nguon-may-tinh-superflower-leadex-vii-xg-1000w-atx3-1-white-80-plus-gold-sf-1000f14xg
MemoryZone,PSU - Nguồn máy tính,Nguồn máy tính MSI MAG A1200PLS PCIE5 1200W 80 Plus Titanium MAG-A1200PLS-PCIE5,4.900.000,+0%,,,,https://memoryzone.com.vn/nguon-may-tinh-msi-mag-a1200pls-pcie5-1200w-80-plus-titanium-mag-a1200pls-pcie5
MemoryZone,PSU - Nguồn máy tính,Nguồn máy tính Corsair RM1000x Shift White 1000W 80 Plus Gold CP-9020275-NA,4.900.000,+0%,,,,https://memoryzone.com.vn/nguon-may-tinh-corsair-rm1000x-shift-white-1000w-80-plus-gold-cp-9020275-na
MemoryZone,PSU - Nguồn máy tính,Nguồn máy tính SuperFlower Leadex VIII Platinum Pro 1000W ATX 3.1 Cybenetics Titanium SF-1000F14SP(T),5.100.000,+0%,,,,https://memoryzone.com.vn/nguon-may-tinh-superflower-leadex-viii-platinum-pro-1000w-atx-3-1-cybenetics-titanium-sf-1000f14sp-t
MemoryZone,PSU - Nguồn máy tính,Nguồn máy tính SuperFlower LEADEX VIII Platinum Pro 1200W ATX3.1 White Cybenetics Platinum SF-1200F14SP(T)-WH,5.390.000,+0%,,,,https://memoryzone.com.vn/nguon-may-tinh-superflower-leadex-viii-platinum-pro-1200w-atx3-1-white-cybenetics-platinum-sf-1200f14sp-t-wh
MemoryZone,PSU - Nguồn máy tính,Nguồn máy tính SuperFlower Leadex VII XG 1300W ATX3.1 80 Plus Gold SF-1300F14XG,5.390.000,+0%,,,,https://memoryzone.com.vn/nguon-may-tinh-superflower-leadex-vii-xg-1300w-atx3-1-80-plus-gold-sf-1300f14xg
MemoryZone,PSU - Nguồn máy tính,Nguồn máy tính SuperFlower Leadex VII PRO 1200W ATX3.1 WHITE 80 Plus Platinum SF-1200F14XP-WH,5.650.000,,,,,https://memoryzone.com.vn/nguon-may-tinh-superflower-leadex-vii-pro-1200w-atx3-1-white-80-plus-platinum-sf-1200f14xp-wh
MemoryZone,Màn hình,Màn hình MSI PRO MP225 E12VL VA 21.45 inch FHD 120Hz,1.530.000,+0%,,,,https://memoryzone.com.vn/man-hinh-msi-pro-mp225-e12vl-va-21-45-inch-fhd-120hz
MemoryZone,Màn hình,Màn hình MSI PRO MP243L E14 IPS 24 inch FHD 144Hz HDR,2.050.000,+0%,,,,https://memoryzone.com.vn/man-hinh-msi-pro-mp243l-e14-ips-24-inch-fhd-144hz-hdr
MemoryZone,Màn hình,Màn hình MSI PRO MP273L E14 IPS 27 inch FHD 144Hz HDR,2.490.000,+0%,,,,https://memoryzone.com.vn/man-hinh-msi-pro-mp273l-e14-ips-27-inch-fhd-144hz-hdr
MemoryZone,Màn hình,Màn hình MSI MAG 245F X24 IPS 24 inch FHD 240Hz HDR,2.590.000,+0%,,,,https://memoryzone.com.vn/man-hinh-msi-mag-245f-x24-ips-24-inch-fhd-240hz-hdr
MemoryZone,Màn hình,Màn Hình 2K MSI PRO MP275Q E14 IPS 27 inch WQHD 144Hz HDR,3.490.000,+0%,,,,https://memoryzone.com.vn/man-hinh-2k-msi-pro-mp275q-e14-ips-27-inch-wqhd-144hz-hdr
MemoryZone,Màn hình,Màn hình 4K MSI PRO MP273UP E6 IPS 27 inch UHD 60Hz HDR,4.550.000,+0%,,,,https://memoryzone.com.vn/man-hinh-msi-pro-mp273up-e6-ips-27-inch-uhd-60hz-hdr
MemoryZone,Màn hình,Màn hình Dell Pro P2426H IPS 23.8 Inch FHD 120Hz USB-C Hub,4.650.000,+0%,,,,https://memoryzone.com.vn/man-hinh-dell-pro-p2426h-ips-23-8-inch-fhd-120hz-usb-c-hub
MemoryZone,Màn hình,Màn hình ASUS ProArt PA248QFV IPS 24 inch FHD 100Hz HDR,4.890.000,+0%,,,,https://memoryzone.com.vn/man-hinh-asus-proart-pa248qfv-ips-24-inch-fhd-100hz-hdr
MemoryZone,Màn hình,Màn hình 2K MSI MAG 274QF X24 IPS 27 inch WQHD 240Hz HDR,4.950.000,-0.8%,,,,https://memoryzone.com.vn/man-hinh-2k-msi-mag-274qf-x24-ips-27-inch-wqhd-240hz-hdr
MemoryZone,Màn hình,Màn hình Dell UltraSharp 24 Inch IPS 120Hz U2424H,5.250.000,+0%,,,,https://memoryzone.com.vn/man-hinh-dell-ultrasharp-24-inch-ips-120hz-u2424h
MemoryZone,Màn hình,Màn hình ASUS ProArt PA249CGV IPS 24 inch FHD 144Hz HDR USB-C Hub,5.490.000,+0%,,,,https://memoryzone.com.vn/man-hinh-asus-proart-pa249cgv-ips-24-inch-fhd-144hz-hdr-usb-c-hub
MemoryZone,Màn hình,Màn hình Dell Pro P2726H IPS 27 Inch FHD 120Hz USB-C Hub,5.750.000,-0.7%,,,,https://memoryzone.com.vn/man-hinh-dell-pro-p-p2726h-ips-27-inch-fhd-120hz-usb-c-hub
MemoryZone,Màn hình,Màn hình cảm ứng Corsair XENEON EDGE Atomic Purple LCD 14.5 inch UWHD 60Hz CC-9011337-WW,6.250.000,+0%,,,,https://memoryzone.com.vn/man-hinh-cam-ung-corsair-xeneon-edge-lcd-14-5-inch-uwhd-60hz-atomic-purple
MemoryZone,Màn hình,Màn hình 2K ASUS ProArt PA278QGV IPS 27 inch QHD 120Hz HDR,8.390.000,+6.2%,,,,https://memoryzone.com.vn/man-hinh-2k-asus-proart-pa278qgv-ips-27-inch-qhd-120hz-hdr
MemoryZone,Màn hình,Màn hình 2K BenQ GW3290QT IPS 31.5 Inch QHD 75Hz USB-C Hub,9.900.000,+0%,,,,https://memoryzone.com.vn/man-hinh-2k-benq-gw3290qt-ips-31-5-inch-qhd-75hz-usb-c-hub
MemoryZone,Màn hình,Màn hình Gaming Esport BenQ ZOWIE 24.1 Inch Fast TN 280Hz XL2540X+,9.900.000,+0%,,,,https://memoryzone.com.vn/man-hinh-gaming-esport-benq-zowie-24-1-inch-fast-tn-280hz-xl2540x-plus
MemoryZone,Màn hình,Màn hình 2K MSI MAG 272QP QD-OLED X24 27 inch WQHD 240Hz HDR,12.500.000,+0%,,,,https://memoryzone.com.vn/man-hinh-2k-msi-mag-272qp-qd-oled-x24-27-inch-wqhd-240hz-hdr
MemoryZone,Màn hình,Màn hình 4K ASUS ProArt PA279CRV 27 Inch IPS 60Hz PA279CRV,12.650.000,+0%,,,,https://memoryzone.com.vn/man-hinh-4k-asus-proart-27-inch-ips-60hz-pa279crv
MemoryZone,Màn hình,Màn hình 4K BenQ MA270U IPS 27 Inch UHD Nano Matte 60Hz HDR USB-C Hub,12.900.000,+0%,,,,https://memoryzone.com.vn/man-hinh-4k-benq-ma270u-ips-27-inch-uhd-nano-matte-60hz-hdr-usb-c-hub
MemoryZone,Màn hình,Màn hình 4K BenQ MA270UP IPS 27 Inch UHD Nano Gloss 60Hz HDR USB-C Hub,14.500.000,,,,,https://memoryzone.com.vn/man-hinh-4k-benq-ma270up-ips-27-inch-uhd-nano-gloss-60hz-hdr-usb-c-hub
HACOM (Hà Nội),RAM Laptop,Ram Laptop Kingston (KVR32S22S6/8 / KVR32S22S8/8 / KVR32S22S8/8WP) 8GB (1x8GB) DDR4 3200MHz,2.990.000,+0%,,,,https://hacom.vn/ram-kingston-8gb-ddr4-3200mhz-kvr32s22s6-8-kvr32s22s8-8
HACOM (Hà Nội),RAM Laptop,Ram Laptop Kingston (KVR32S22S8/16 / KVR32S22D8/16 / KVR32S22D8/16WP) 16GB (1x16GB) DDR4 3200Mhz,4.990.000,+0%,,,,https://hacom.vn/ram-laptop-kingston-kvr32s22s8-16
HACOM (Hà Nội),RAM Laptop,RAM Laptop Kingston (KVR56S46BS8-16/KVR56S46BS8-16WP) 16GB (1x16GB) DDR5 5600MHz,7.990.000,+0%,,,,https://hacom.vn/ram-kingston-16gb-ddr5-5600mhz-kvr56s46bs8-16
HACOM (Hà Nội),RAM Laptop,RAM Laptop KINGSTON (KVR56S46BS6-8) 8GB (1x8GB) DDR5 5600MHz,4.990.000,+13.7%,,,,https://hacom.vn/ram-kingston-8gb-ddr5-5600mhz-kvr56s46bs6-8
HACOM (Hà Nội),RAM Laptop,RAM Laptop Gskill (F4-3200C22S-8GRS) 8GB (1x8GB) DDR4 3200MHz,2.990.000,+0%,,,,https://hacom.vn/ram-gskill-8gb-ddr4-3200mhz-f4-3200c22s-8grs
HACOM (Hà Nội),RAM Laptop,RAM Laptop Gskill (F4-3200C22S-16GRS) 16GB (1x16GB) DDR4 3200MHz,4.990.000,+0%,,,,https://hacom.vn/ram-gskill-16gb-ddr4-3200mhz-f4-3200c22s-16grs
HACOM (Hà Nội),RAM Laptop,Ram Laptop Gskill Ripjaws (F5-5600S4040A16GX1-RS) 16G (1x16GB) DDR5 5600MHz,6.990.000,+0%,,,,https://hacom.vn/ram-laptop-gskill-ripjaws-rags0574
HACOM (Hà Nội),RAM Laptop,Ram Laptop McQuest HAWK 16GB (1x 16GB) DDR4 3200Mhz,3.990.000,+0%,,,,https://hacom.vn/ram-laptop-mcquest-hawk-16gb-ramq0001
HACOM (Hà Nội),RAM Laptop,RAM Laptop LEXAR (LD4AS008G-R3200GSST) 8GB (1x8GB) DDR4 3200MHz,2.990.000,+0%,,,,https://hacom.vn/ram-lexar-8gb-ddr4-3200mhz-ld4as008g-r3200gsst
HACOM (Hà Nội),RAM Laptop,RAM Laptop LEXAR (LD5DS016G-B4800GSST) 16GB (1x16GB) DDR5 4800MHz,6.990.000,+0%,,,,https://hacom.vn/ram-lexar-16gb-ddr5-4800mhz-ld5ds016g-b4800gsst
HACOM (Hà Nội),RAM Laptop,RAM Laptop LEXAR (LD5S16G56C46ST-BGS) 16GB (1x16GB) DDR5 5600MHz,7.990.000,+0%,,,,https://hacom.vn/ram-lexar-16gb-ddr5-5600mhz-ld5s16g56c46st-bgs
HACOM (Hà Nội),RAM Laptop,Ram Laptop Transcend (JM3200HSB-8G) 8GB (1x8GB) DDR4 3200MHz,2.990.000,+0%,,,,https://hacom.vn/ram-laptop-transcend-jm3200hsb-8g-8g-1x8gb-ddr4-3200mhz
HACOM (Hà Nội),RAM Laptop,RAM Laptop KINGSTON (KVR56S46BD8-32) 32GB (1x32GB) DDR5 5600MHz,16.990.000,+0%,,,,https://hacom.vn/ram-kingston-32gb-ddr5-5600mhz-kvr56s46bd8-32
HACOM (Hà Nội),RAM Laptop,Ram Laptop Adata (AD4S32008G22-SGN) 8GB (1x 8GB) DDR4 3200Mhz,2.990.000,+0%,,,,https://hacom.vn/ram-laptop-adata-ad4s32008g22-sgn-8gb-1x-8gb-ddr4-3200mhz
HACOM (Hà Nội),RAM Laptop,Ram Laptop Corsair Vengeance (CMSX16GX5M1A5600C48) 16GB (1x16GB) DDR5 5600MHz,5.990.000,+0%,,,,https://hacom.vn/ram-laptop-corsair-vengeance-cmsx16gx5m1a5600c48-16gb-1x16gb-ddr5-5600mhz
HACOM (Hà Nội),RAM Laptop,RAM Laptop KINGMAX (KM-SD4-3200-8GS) 8G (1x8GB) DDR4 3200MHz,2.990.000,+0%,,,,https://hacom.vn/ram-kingmax-8g-ddr4-3200mhz-km-sd4-3200-8gs
HACOM (Hà Nội),RAM Laptop,RAM Laptop LEXAR (LD4AS016G-B3200GSST) 16GB (1x16GB) DDR4 3200MHz,4.990.000,+0%,,,,https://hacom.vn/ram-lexar-16gb-ddr4-3200mhz-ld4as016g-b3200gsst
HACOM (Hà Nội),RAM Laptop,Ram Laptop Corsair Vengeance (CMSX8GX4M1A3200C22) 8GB (1x8GB) DDR4 3200MHz,2.990.000,+0%,,,,https://hacom.vn/ram-laptop-corsair-vengeance-cmsx8gx4m1a3200c22-8gb-1x8gb-ddr4-3200mhz
HACOM (Hà Nội),RAM Laptop,RAM Laptop KINGMAX (KM-SD4-3200-16GRS) 16G (1x16GB) DDR4 3200MHz,4.990.000,+0%,,,,https://hacom.vn/ram-kingmax-16g-ddr4-3200mhz-km-sd4-3200-16grs
HACOM (Hà Nội),RAM Laptop,Ram Laptop Corsair Vengeance (CMSX16GX4M1A3200C22) 16GB (1x16GB) DDR4 3200MHz,4.990.000,+0%,,,,https://hacom.vn/ram-laptop-corsair-vengeance-cmsx16gx4m1a3200c22-16gb-1x16gb-ddr4-3200mhz
HACOM (Hà Nội),RAM Laptop,RAM Laptop PNY XLR8 (MN8GSD43200XR-RB) 8GB (1x8GB) DDR4 3200MHz,1.999.000,+0%,,,,https://hacom.vn/ram-pny-xlr8-rgb-8gb-ddr4-3200mhz-mn8gsd43200xr-rb
HACOM (Hà Nội),RAM Laptop,Ram Laptop Transcend (JM3200HSE-16G) 16GB (1x16GB) DDR4 3200MHz,4.990.000,+0%,,,,https://hacom.vn/ram-laptop-transcend-jm3200hsb-16g-16g-1x16gb-ddr4-3200mhz
HACOM (Hà Nội),RAM Laptop,Ram Laptop Lexar 4GB DDR4 3200Mhz (KM cho Lap Acer LTAC839),499.000,+0%,,,,https://hacom.vn/ram-laptop-lexar-4gb-ddr4-3200mhz
HACOM (Hà Nội),RAM Laptop,Ram Laptop Transcend (JM3200HSE-32G) 32GB (1x32GB) DDR4 3200MHz,4.999.000,+0%,,,,https://hacom.vn/ram-laptop-transcend-jm3200hse-32g-32g-1x32gb-ddr4-3200mhz
HACOM (Hà Nội),SSD,Ổ Cứng SSD Samsung 870 EVO 500GB 2.5 inch SATA III ( Đọc 560MB/s - Ghi 530MB/s) - (MZ-77E500BW),7.990.000,+0%,,,,https://hacom.vn/o-cung-ssd-samsung-870-evo-500gb-2.5-inch-sata-iii
HACOM (Hà Nội),SSD,Ổ Cứng SSD KINGSTON SKC600 512GB 2.5 inch SATA III (Đọc 550MB/s - Ghi 520MB/s) - (SKC600/512GB),4.990.000,,,,,https://hacom.vn/o-cung-ssd-kingston-skc600-512gb-2.5-inch-sata-iii
HACOM (Hà Nội),SSD,Ổ Cứng SSD Samsung 870 EVO 1TB 2.5 inch SATA III ( Đọc 560MB/s - Ghi 530MB/s) - (MZ-77E1T0BW),10.990.000,+0%,,,,https://hacom.vn/o-cung-ssd-samsung-870-evo-1tb-2.5-inch-sata-iii
HACOM (Hà Nội),SSD,Ổ Cứng SSD LEXAR NM620 256GB – M.2 2280 PCIe Gen3 x4 (Đọc 3000MB/s - Ghi 1300MB/s) - (LNM620X256G-RNNNG),1.990.000,+0%,,,,https://hacom.vn/o-cung-ssd-lexar-nm620-256gb-m.2-2280-pcie-gen3-x4
HACOM (Hà Nội),SSD,Ổ Cứng SSD LEXAR NS100 256GB 2.5 inch SATA III (Đọc 520MB/s - Ghi 450MB/s) - (LNS100-256RB),1.990.000,+0%,,,,https://hacom.vn/o-cung-ssd-lexar-ns100-256gb-2.5-inch-sata-ii
HACOM (Hà Nội),SSD,Ổ Cứng SSD KINGMAX Zeus PQ3480 256GB – M.2 2280 PCIe Gen3 x4 (Đọc 2250MB/s - Ghi 1200MB/s) - (KMAXPQ3480256G),1.990.000,+0%,,,,https://hacom.vn/o-cung-ssd-kingmax-zeus-pq3480-256gb-m.2-2280-pcie-gen3-x4
HACOM (Hà Nội),SSD,Ổ Cứng SSD Samsung 990 Pro 1TB – M.2 2280 PCIe Gen4 x4 (Đọc 7450MB/s - Ghi 6900MB/s) - (MZ-V9P1T0BW),8.990.000,+0%,,,,https://hacom.vn/o-cung-ssd-samsung-990-pro-1tb-m.2-2280-pcie-gen4-x4
HACOM (Hà Nội),SSD,Ổ Cứng SSD KINGSTON KC3000 512GB – M.2 2280 PCIe Gen4 x4 (Đọc 7000MB/s - Ghi 3900MB/s)-(SKC3000S/512G),6.990.000,,,,,https://hacom.vn/o-cung-ssd-kingston-kc3000-512gb-m.2-2280-pcie-gen4-x4-
HACOM (Hà Nội),SSD,Ổ Cứng SSD KINGSTON SNV3S 1TB – M.2 2280 PCIe Gen4 x4 (Đọc 6000MB/s - Ghi 4000MB/s) - (SNV3S/1000G),5.990.000,+0%,,,,https://hacom.vn/o-cung-ssd-kingston-snv3s-1tb-m.2-2280-pcie-gen4-x4
HACOM (Hà Nội),SSD,Ổ Cứng SSD KINGSTON SNV3S 500GB – M.2 2280 PCIe Gen4 x4 (Đọc 5000MB/s - Ghi 3000MB/s) - (SNV3S/500G),3.990.000,+0%,,,,https://hacom.vn/o-cung-ssd-kingston-snv3s-500gb-m.2-2280-pcie-gen4-x4
HACOM (Hà Nội),SSD,Ổ Cứng SSD WD SA510 Blue 1TB 2.5 inch SATA III (Đọc 560MB/s - Ghi 520MB/s) - (WDS100T3B0A),7.990.000,+0%,,,,https://hacom.vn/o-cung-ssd-wd-sa510-blue-1tb-2.5-inch-sata-iii
HACOM (Hà Nội),SSD,Ổ Cứng SSD LEXAR NS100 512GB 2.5 inch SATA III (Đọc 550MB/s - Ghi 500MB/s) - (LNS100-512RB),3.990.000,+0%,,,,https://hacom.vn/o-cung-ssd-lexar-ns100-512gb-2.5-inch-sata-iii
HACOM (Hà Nội),SSD,Ổ Cứng SSD KINGSTON KC3000 2048GB – M.2 2280 PCIe Gen4 x4 (Đọc 7000MB/s - Ghi 7000MB/s)-(SKC3000D/2048G),15.990.000,,,,,https://hacom.vn/o-cung-ssd-kingston-kc3000-2048gb-m.2-2280-pcie-gen4-x4-
HACOM (Hà Nội),SSD,Ổ Cứng SSD Samsung 870 EVO 2TB 2.5 inch SATA III ( Đọc 560MB/s - Ghi 530MB/s) - (MZ-77E2T0BW),18.990.000,+0%,,,,https://hacom.vn/o-cung-ssd-samsung-870-evo-2tb-2.5-inch-sata-iii
HACOM (Hà Nội),SSD,Ổ Cứng SSD Samsung 990 EVO Plus 1TB – M.2 2280 PCIe Gen4 x4 ( Đọc 7250MB/s - Ghi 6300MB/s) - (MZ-V9S1T0BW),8.990.000,+0%,,,,https://hacom.vn/o-cung-ssd-samsung-990-evo-plus-1tb-m.2-2280-pcie-gen4-x4
HACOM (Hà Nội),SSD,Ổ Cứng SSD TeamGroup CX2 512GB 2.5 inch SATA III (Đọc 530MB/s - Ghi 470MB/s) - (T253X6512G0C101),2.999.000,+0%,,,,https://hacom.vn/o-cung-ssd-teamgroup-cx2-512gb-2.5-inch-sata-iii
HACOM (Hà Nội),SSD,Ổ cứng SSD Kingston SNV3S 2TB NVMe M.2 2280 PCIe Gen 4x4 (Đọc 6000MB/s - Ghi 5000MB/s) - (SNV3S/2000G),10.990.000,+0%,,,,https://hacom.vn/o-cung-ssd-kingston-snv3s-2tb-m.2-2280-pcie-gen4-x4
HACOM (Hà Nội),SSD,Ổ Cứng SSD Gigabyte 4000E 500GB – M.2 2280 PCIe Gen4 x4 (Đọc 3600MB/s - Ghi 3000MB/s) - (G440E500G),3.990.000,+0%,,,,https://hacom.vn/o-cung-ssd-gigabyte-4000e-500gb-m.2-2280-pcie-gen4-x4
HACOM (Hà Nội),SSD,Ổ Cứng SSD LEXAR NQ780 1TB – M.2 2280 PCIe Gen4 x4 (Đọc 6500MB/s - Ghi 2500MB/s) - (LNQ780X001T-RNNNG),5.990.000,+0%,,,,https://hacom.vn/o-cung-ssd-lexar-nq780-1tb-m.2-2280-pcie-gen4-x4
HACOM (Hà Nội),SSD,Ổ Cứng SSD WD SN7100 Black 500GB – M.2 2280 PCIe Gen4 x4 (Đọc 6800MB/s - Ghi 5800MB/s) - (WDS500G4X0E),4.990.000,+0%,,,,https://hacom.vn/o-cung-ssd-wd-sn7100-black-500gb-m.2-2280-pcie-gen4-x4
HACOM (Hà Nội),SSD,Ổ Cứng SSD TeamGroup VULCAN Z 512GB 2.5 inch SATA III (Đọc 540MB/s - Ghi 470MB/s) - (T253TZ512G0C101),2.999.000,+0%,,,,https://hacom.vn/o-cung-ssd-teamgroup-vulcan-z-512gb-2.5-inch-sata-iii-doc-540mb-s-ghi-470mb-s-t253tz512g0c101
HACOM (Hà Nội),SSD,Ổ Cứng SSD TeamGroup VULCAN Z 256GB 2.5 inch SATA III (Đọc 520MB/s - Ghi 450MB/s) - (T253TZ256G0C101),1.990.000,+0%,,,,https://hacom.vn/o-cung-ssd-teamgroup-vulcan-z-256gb-2.5-inch-sata-iii-doc-520mb-s-ghi-450mb-s-t253tz256g0c101
HACOM (Hà Nội),SSD,Ổ Cứng SSD KINGMAX SMV32 240GB 2.5 inch SATA III (Đọc 500MB/s - Ghi 410MB/s),1.990.000,,,,,https://hacom.vn/o-cung-ssd-kingmax-smv32-240gb-2.5-inch-sata-iii
HACOM (Hà Nội),SSD,"Ổ cứng SSD Gigabyte 240GB SATA 2,5 inch (Đoc 500MB/s, Ghi 420MB/s) - (GP-GSTFS31240GNTD)",1.990.000,+0%,,,,https://hacom.vn/o-cung-ssd-gigabyte-240gb-sata-2-5-inch
HACOM (Hà Nội),Laptop,Laptop Acer Aspire Go AG15-72P-54GY (NX.JRRSV.002) Core 5-120U/16GB RAM DDR4/512GSSD/15.6 inch FHD/Win 11 SL/Bạc),21.999.000,+0%,,,,https://hacom.vn/laptop-acer-aspire-go-ag15-72p-54gy-ltac1001
HACOM (Hà Nội),Laptop,Laptop MSI Cyborg 15 A13UC-2082VN (i7-13620H/16GB RAM DDR5/512GB SSD/RTX3050 4GB/15.6 inch FHD 144hz/Win11/Đen/Balo),29.999.000,+0%,,,,https://hacom.vn/laptop-msi-cyborg-15-a13uc-2082vn-ltms0640
HACOM (Hà Nội),Laptop,Laptop Asus Gaming TUF FA506NCG-HN329W (R7 8845HS/16GB RAM/ 512GB SSD/ 15.6 inch FHD 144Hz/ RTX 3050 4GB/ Win11/ Đen),39.999.000,+0%,,,,https://hacom.vn/laptop-asus-gaming-tuf-fa506ncg-hn329w-ltau1091
HACOM (Hà Nội),Laptop,Laptop Acer Predator Helios PHN16-I31-72XE (NH.U4RSV.001) (i7-14650HX/32GB RAM/512GB SSD/RTX 5060 8GB/16 inch 2K+ 180Hz/Win 11/Đen),61.999.000,+0%,,,,https://hacom.vn/laptop-acer-predator-helios-phn16-i31-72xe-ltac1029
HACOM (Hà Nội),Laptop,Laptop Asus VivoBook S3407QA-SF043W (X1 26 100/ 16GB RAM D5X/ 512GB SSD/ 14 OLED/ W6E/ BT / Win11SL/ Xám),25.999.000,+0%,,,,https://hacom.vn/laptop-asus-vivobook-s3407qa-sf043w-ltau1098
HACOM (Hà Nội),Laptop,Laptop Apple Macbook Air M5 MDH84SA/A (Apple M5/10 core CPU/10 core GPU/16GB RAM/1TB SSD/13.6 inch/Mac OS/Silver),44.389.000,+0%,,,,https://hacom.vn/laptop-apple-macbook-air-m5-mdh84saa-ltma0283
HACOM (Hà Nội),Laptop,Laptop Gigabyte A16 (A16-CMHI2VN893SH) (i7 13620H/16GB RAM/512GB SSD/RTX 4050 6G/WF6E/16.0FHD+ 165Hz/Win 11/Đen),30.999.000,+0%,,,,https://hacom.vn/laptop-gigabyte-a16-a16-cmhi2vn893sh-ltgi0066
HACOM (Hà Nội),Laptop,Laptop Acer Gaming Nitro ProPanel ANV15-41-R9M1 (NH.QPFSV.004) (R5-7535HS/1*16GB/512GB SSD/GeForce RTX 3050 6GB/15.6 inch FHD 180Hz/Win 11/Đen),25.999.000,+0%,,,,https://hacom.vn/laptop-acer-gaming-nitro-v-15-propanel-anv15-41-r9m1-nh.qpfsv.004
HACOM (Hà Nội),Laptop,Laptop Acer Aspire Go 15 AI AG15-52P-52WT (NX.JWKSV.001) (Ultra 5 115U/16GB RAM/512GB SSD/15.6 inch FHD/Win 11/Bạc),25.999.000,+0%,,,,https://hacom.vn/laptop-acer-aspire-go-ag15-52p-52wt-ltac1030
HACOM (Hà Nội),Laptop,Laptop Acer Aspire Lite AL15-48P-R5MN (NX.DS1SV.001) (R5 5625U/8GB/512GB SSD/15.6FHD/Win 11 Home/Bạc),16.999.000,+0%,,,,https://hacom.vn/laptop-acer-aspire-lite-al15-48p-r5mn-ltac1020
HACOM (Hà Nội),Laptop,Laptop Acer Gaming NitroProPanel ANV16-41-R7EN (NH.QP2SV.004) (R7-8845HS/16GB Ram/512GB SSD/RTX3050 6GB/16 inch WUXGA/Win11/Đen),31.999.000,+0%,,,,https://hacom.vn/laptop-acer-gaming-nitro-v-16-propanel-anv16-41-r7en-nh.qp2sv.004-r7-8845hs-16gb-ram-512gb-ssd-rtx3050-6gb-16-inch-wuxga-win11-den
HACOM (Hà Nội),Laptop,Laptop Acer Nitro Lite NL16-71G-71UJ (NH.D59SV.002) (i7 13620H/16GB/512GB SSD/RTX3050 6G/16.0FHD 165Hz/Win11/Trắng),27.999.000,+0%,,,,https://hacom.vn/laptop-acer-gaming-nitro-lite-nl16-71g-71uj-nh.d59sv.002
HACOM (Hà Nội),Laptop,Laptop Acer Nitro Lite NL16-71G-56WQ (NH.D59SV.001) (i5 13420H/16GB/512GB SSD/RTX3050 6G/15.6FHD 165Hz/Win11/Trắng),26.999.000,+0%,,,,https://hacom.vn/laptop-acer-nitro-lite-nl16-71g-56wq-nh.d59sv.001
HACOM (Hà Nội),Laptop,Laptop Gigabyte A16 (CMH-H2VN893SH) (i5 13420H/16GB RAM512GB SSD/RTX4050 6G/16.0 FHD+ 165Hz/Win 11/Đen),27.999.000,+0%,,,,https://hacom.vn/laptop-gigabyte-gaming-a16-cmh-h2vn893sh
HACOM (Hà Nội),Laptop,Laptop Acer Gaming Nitro ProPanel ANV15-52-72BM (NH.QZ9SV.004) (i7-13620H/1*16GB/512GB SSD/GeForce RTX 5050 8GB/15.6 inch FHD 180Hz/Win 11/Đen),35.999.000,+0%,,,,https://hacom.vn/laptop-acer-gaming-nitro-v-15-propanel-anv15-52-72bm-nh.qz9sv.004
HACOM (Hà Nội),Laptop,Laptop Acer Gaming Nitro ProPanel ANV15-52-59AA (NH.QZ9SV.002) (i5-13420H/1*16GB/512GB SSD/GeForce RTX 5050 8GB/15.6 inch FHD 180Hz/Win 11/Đen),33.999.000,+0%,,,,https://hacom.vn/laptop-acer-gaming-nitro-v-15-propanel-anv15-52-59aa-nh.qz9sv.002
HACOM (Hà Nội),Laptop,Laptop Lenovo Gaming Legion Pro 5 16IAX10 (83F3003VVN) (U9 275HX/32GB RAM/1TB SSD/16 WQXGA 165hz/RTX5060 8G/Win11&Office/Đen/3Year),80.999.000,+0%,,,,https://hacom.vn/laptop-lenovo-legion-5-16iax10-83f3003vvn
HACOM (Hà Nội),Laptop,Laptop Acer Aspire 7 A715-59G-59RD (NH.DXUSV.001) (Core 5-210H/16GB RAM/512GB SSD/RTX 3050 4GB/15.6 inch FHD 144Hz/Win 11/Đen),26.999.000,+0%,,,,https://hacom.vn/laptop-acer-aspire-7-a715-59g-59rd-ltac1037
HACOM (Hà Nội),Laptop,Laptop HP Pavilion 15-eg3035TX (8U6L7PA) (i7 1355U/16GB RAM/512GB SSD/15.6 FHD/MX550 2GB/Win11/Vàng),28.999.000,+0%,,,,https://hacom.vn/laptop-hp-pavilion-15-eg3035tx-8u6l7pa-i7-1355u-16gb-ram-512gb-ssd-15.6-fhd-mx550-2gb-win11-vang
HACOM (Hà Nội),Laptop,Laptop Dell Pro 14 Essential PV14250 71084489 (Core 5-120U/16GB DDR5/1TB SSD/14 inch FHD+/Win 11 Home/Bạc),26.999.000,+0%,,,,https://hacom.vn/laptop-dell-pro-14-essential-pv14250-71084489-ltdl0666
HACOM (Hà Nội),Laptop,Laptop Acer Gaming Nitro ProPanel ANV15-41-R0Y4 (NH.QPESV.004) (R7-7735HS/1*16GB/512GB SSD/GeForce RTX 4050 6GB/15.6 inch FHD 180Hz/Win 11/Đen),30.999.000,+0%,,,,https://hacom.vn/laptop-acer-gaming-nitro-v-15-propanel-anv15-41-r0y4-nh.qpesv.004
HACOM (Hà Nội),Laptop,Laptop Acer Gaming Nitro ProPanel ANV15-41-R0FE (NH.QPFSV.005) (R7-7735HS/1*16GB/512GB SSD/GeForce RTX 3050 6GB/15.6 inch FHD 180Hz/Win 11/Đen),28.999.000,+0%,,,,https://hacom.vn/laptop-acer-gaming-nitro-v-15-propanel-anv15-41-r0fe-nh.qpfsv.005
HACOM (Hà Nội),Laptop,Laptop Asus VivoBook E1404FA-EB935W (R5 40/16GB RAM/512GB SSD/14 FHD/Win11/Bạc),19.999.000,+0%,,,,https://hacom.vn/laptop-asus-vivobook-e1404fa-eb935w-ltau1082
HACOM (Hà Nội),Laptop,Laptop Dell 15 DC15255 G8MK9 (R7 7730U/16GB RAM DDR4/512GB SSD/15.6 inch FHD/Cảm ứng/Win11/Đen) (NK_Bảo hành tại HACOM),21.999.000,+0%,,,,https://hacom.vn/laptop-dell-15-dc15255-g8mk9-ltdl0680
HACOM (Hà Nội),HDD,"Ổ cứng HDD WD Ultrastar DC HA340 8TB 3.5 inch, 7200RPM, SATA, 256MB Cache (WUS721208BLE6L4)",13.999.000,+0%,,,,https://hacom.vn/o-cung-hdd-wd-ultrastar-dc-ha340-8tb-35-inch-7200rpm-sata-256mb-cache-hdwd0585
HACOM (Hà Nội),HDD,"Ổ Cứng HDD SEAGATE Barracuda 2TB 3.5 inch 7200RPM, SATA III, 256MB Cache (ST2000DM008)",4.990.000,+0%,,,,https://hacom.vn/o-cung-hdd-seagate-barracuda-2tb-3.5-inch-7200rpm-sata-iii-256mb-cache
HACOM (Hà Nội),HDD,"Ổ Cứng HDD SEAGATE Barracuda 4TB 3.5 inch 5400RPM, SATA III, 256MB Cache (ST4000DM004)",5.990.000,+0%,,,,https://hacom.vn/o-cung-hdd-seagate-barracuda-4tb-3.5-inch-5400rpm-sata-iii-256mb-cache
HACOM (Hà Nội),HDD,"Ổ Cứng HDD WD 2TB Blue 3.5 inch, 7200RPM, SATA III, 256MB Cache (WD20EZBX)",4.990.000,+0%,,,,https://hacom.vn/o-cung-hdd-wd-2tb-blue-3.5-inch-7200rpm-sata-iii-256mb-cache
HACOM (Hà Nội),HDD,"Ổ Cứng HDD SEAGATE SkyHawk AI 8TB 3.5 inch, 7200R, SATA III, 256MB Cache (ST8000VE001)",12.990.000,+0%,,,,https://hacom.vn/o-cung-hdd-seagate-skyhawk-ai-8tb-3.5-inch-7200r-sata-iii-256mb-cache
HACOM (Hà Nội),HDD,"Ổ Cứng HDD WD 2TB Purple 3.5 inch, 5400RPM, SATA III, 64MB Cache (WD23PURZ)",4.890.000,+0%,,,,https://hacom.vn/o-cung-hdd-wd-2tb-purple-3.5-inch-5400rpm-sata-iii-64mb-cache
HACOM (Hà Nội),HDD,"Ổ Cứng HDD SEAGATE SkyHawk 4TB 3.5 inch, 5400RPM, SATA III, 256MB Cache (ST4000VX016)",5.990.000,+0%,,,,https://hacom.vn/o-cung-hdd-seagate-skyhawk-4tb-3.5-inch-5400rpm-sata-iii-256mb-cache
HACOM (Hà Nội),HDD,"Ổ Cứng HDD SEAGATE SkyHawk 1TB 3.5 inch, 5400RPM, SATA III, 256MB Cache (ST1000VX013)",3.990.000,+0%,,,,https://hacom.vn/o-cung-hdd-seagate-skyhawk-1tb-3.5-inch-5400rpm-sata-iii-256mb-cache
HACOM (Hà Nội),HDD,"Ổ Cứng HDD SEAGATE SkyHawk 2TB 3.5 inch, 5400RPM, SATA III, 256MB Cache (ST2000VX017)",4.990.000,+0%,,,,https://hacom.vn/o-cung-hdd-seagate-skyhawk-2tb-3.5-inch-5400rpm-sata-iii-256mb-cache
HACOM (Hà Nội),HDD,"Ổ cứng HDD Synology Plus HAT3300 4TB 3.5 inch 5400rpm, SATA 6Gb/s",7.789.000,+0%,,,,https://hacom.vn/o-cung-hdd-synology-plus-hat3300-4tb-3hdsy0022
HACOM (Hà Nội),HDD,"Ổ Cứng HDD Hikvision 4TB 3.5 inch, 5400RPM, SATA III, 128MB Cache - chuyên dụng Camera (DS-40HKVS-VX1)",4.990.000,+0%,,,,https://hacom.vn/o-cung-hdd-hikvision-4tb-3.5-inch-5400rpm-sata-iii-128mb-cache-chuyen-dung-camera-ds-40hkvs-vx1
HACOM (Hà Nội),HDD,"Ổ Cứng HDD Hikvision 6TB 3.5 inch, 5400RPM, SATA III, 256MB Cache - chuyên dụng Camera (DS-60HKVS-VX1)",7.990.000,+0%,,,,https://hacom.vn/o-cung-hdd-hikvision-6tb-3.5-inch-5400rpm-sata-iii-256mb-cache-chuyen-dung-camera-ds-60hkvs-vx1
HACOM (Hà Nội),HDD,"Ổ Cứng HDD WD Purple 1TB 3.5 inch, 5400RPM, SATA III, 64MB Cache (WD11PURZ)",4.990.000,+0%,,,,https://hacom.vn/o-cung-hdd-wd-purple-1tb-3.5-inch-5400rpm-sata-iii-64mb-cache-hdwd0490
HACOM (Hà Nội),HDD,"Ổ Cứng HDD WD 6TB Red Plus 3.5 inch, 5400RPM, SATA III, 256MB Cache (WD60EFPX)",9.990.000,+0%,,,,https://hacom.vn/o-cung-hdd-wd-6tb-red-plus-3.5-inch-5400rpm-sata-iii-254mb-cache
HACOM (Hà Nội),HDD,"Ổ Cứng HDD SEAGATE Skyhawk 6TB 3.5 inch, 5400RPM, SATA III, 256MB Cache (ST6000VX009)",8.990.000,,,,,https://hacom.vn/o-cung-hdd-seagate-skyhawk-6tb-3.5-sata-st6000vx009
HACOM (Hà Nội),HDD,"Ổ Cứng HDD WD Purple 8TB 3.5 inch, 5640RPM, SATA III, 256MB Cache (WD85PURZ)",11.990.000,+0%,,,,https://hacom.vn/o-cung-hdd-wd-purple-8tb-3.5-inch-5640rpm-sata-iii-256mb-cache
HACOM (Hà Nội),HDD,"Ổ Cứng HDD WD Purple Pro 10TB 3.5 inch, 7200RPM, SATA III, 512MB Cache (WD102PURP)",15.990.000,+0%,,,,https://hacom.vn/o-cung-hdd-wd-purple-pro-10tb-3.5-inch-7200rpm-sata-iii-512mb-cache
HACOM (Hà Nội),HDD,"Ổ Cứng HDD Hikvision AI 16TB 3.5 inch, 7200RPM, SATA III, 512MB Cache - chuyên dụng Camera (DS160HKAI-VX1)",24.990.000,+0%,,,,https://hacom.vn/o-cung-hdd-hikvision-ai-16tb-3.5-inch-7200rpm-sata-iii-512mb-cache-chuyen-dung-camera-ds160hkai-vx1
HACOM (Hà Nội),HDD,"Ổ Cứng HDD WD 1TB Blue 3.5 inch, 5400RPM, SATA III, 64MB Cache (WD10EARZ)",3.990.000,+0%,,,,https://hacom.vn/o-cung-hdd-wd-1tb-blue-35-inch-5400rpm-sata-iii-64mb-cache-hdwd0570
HACOM (Hà Nội),HDD,"Ổ Cứng HDD WD 4TB Blue 3.5 inch, 5400RPM, SATA III, 128MB Cache (WD40EZZX)",5.990.000,+0%,,,,https://hacom.vn/o-cung-hdd-wd-4tb-blue-35-inch-5400rpm-sata-iii-128mb-cache-hdwd0579
HACOM (Hà Nội),HDD,"Ổ Cứng HDD WD 4TB Purple 3.5 inch, 5400RPM, SATA III, 128MB Cache (WD44PURZ)",5.390.000,+0%,,,,https://hacom.vn/o-cung-hdd-wd-4tb-purple-35-inch-5400rpm-sata-iii-128mb-cache-hdwd0580
HACOM (Hà Nội),HDD,"Ổ Cứng HDD WD 4TB Red Plus 3.5 inch, 5400RPM, SATA III, 128MB Cache (WD40EFZZ)",6.990.000,+0%,,,,https://hacom.vn/o-cung-hdd-wd-4tb-red-plus-35-inch-5400rpm-sata-iii-128mb-cache-hdwd0581
HACOM (Hà Nội),HDD,Ổ Cứng HDD WD Ultrastar HA340 4TB 3.5inch 7.2K SATA 6Gb/s (WUS721204BLE6L4),8.990.000,+0%,,,,https://hacom.vn/o-cung-hdd-wd-ultrastar-ha340-4tb-35inch-72k-sata-6gbs-hdwd0576
HACOM (Hà Nội),HDD,"Ổ cứng HDD WD Ultrastar DC HA340 6TB 3.5 inch, 7200RPM, SATA, 256MB Cache (WUS721206BLE6L4-0B47077)",10.999.000,,,,,https://hacom.vn/o-cung-hdd-wd-ultrastar-dc-ha340-6tb-35-inch-7200rpm-sata-256mb-cache-hdwd0571
HACOM (Hà Nội),VGA - Card màn hình,Card màn hình Asus ROG STRIX RTX 3070 Ti-O8G-GAMING - Cũ đẹp (Box),16.999.000,+0%,,,,https://hacom.vn/card-man-hinh-asus-rog-strix-rtx-3070-ti-o8g-gaming-cu-dep-box
HACOM (Hà Nội),VGA - Card màn hình,Card màn hình Gigabyte RTX 3050 WINFORCE OC V2-6G,5.999.000,+0%,,,,https://hacom.vn/card-man-hinh-gigabyte-rtx-3050-winforce-oc-v2-6g
HACOM (Hà Nội),VGA - Card màn hình,Card màn hình Asus DUAL-RTX 3050-6G,5.999.000,+0%,,,,https://hacom.vn/card-man-hinh-asus-dual-rtx-3050-6g
HACOM (Hà Nội),VGA - Card màn hình,Card màn hình Asus DUAL-RTX 3050-O6G,5.999.000,+0%,,,,https://hacom.vn/card-man-hinh-asus-dual-rtx-3050-o6g
HACOM (Hà Nội),VGA - Card màn hình,Card màn hình Asus DUAL RTX 3050-O8G-V2,7.999.000,+0%,,,,https://hacom.vn/card-man-hinh-asus-dual-rtx-3050-o8g-v2
HACOM (Hà Nội),VGA - Card màn hình,Card màn hình Asus DUAL RTX 5060 8G OC GDDR7 (DUAL-RTX5060-O8G),11.999.000,+0%,,,,https://hacom.vn/card-man-hinh-asus-dual-rtx-5060-8g-oc-gddr7-dual-rtx5060-o8g
HACOM (Hà Nội),VGA - Card màn hình,Card màn hình Asus ROG ASTRAL RTX 5080 16G GAMING GDDR7 OC,55.999.000,+0%,,,,https://hacom.vn/card-man-hinh-asus-rog-astral-rtx-5080-o16g-gaming
HACOM (Hà Nội),VGA - Card màn hình,Card màn hình ASUS DUAL GeForce RTX 5050-8G GDDR6,8.799.000,+0%,,,,https://hacom.vn/card-man-hinh-asus-dual-geforce-rtx-5050-8g-gddr6
HACOM (Hà Nội),VGA - Card màn hình,Card màn hình Asus TUF RTX 5060 8G GAMING OC GDDR7 (TUF_RTX5060-O8G-GAMING),12.999.000,+0%,,,,https://hacom.vn/card-man-hinh-asus-tuf-rtx-5060-8g-gaming-oc-gddr7-tuf_rtx5060-o8g-gaming
HACOM (Hà Nội),VGA - Card màn hình,Card màn hình ASUS DUAL GeForce RTX 5050-8G OC GDDR6,8.999.000,+0%,,,,https://hacom.vn/card-man-hinh-asus-dual-geforce-rtx-5050-8g-oc-gddr6
HACOM (Hà Nội),VGA - Card màn hình,Card màn hình Asus TUF GAMING RTX 5070TI 16G GDDR7 OC,42.999.000,+10.3%,,,,https://hacom.vn/card-man-hinh-asus-tuf-gaming-rtx-5070ti-16g-gddr7-oc
HACOM (Hà Nội),VGA - Card màn hình,Card màn hình Gigabyte RTX 3060 GAMING OC 12GD-V2,11.999.000,,,,,https://hacom.vn/card-man-hinh-gigabyte-rtx-3060-gaming-oc-12gd-v2
HACOM (Hà Nội),VGA - Card màn hình,Card màn hình Asus DUAL-RTX 3060-O12G-V2,10.999.000,+0%,,,,https://hacom.vn/card-man-hinh-asus-dual-rtx-3060-o12g-v2
HACOM (Hà Nội),VGA - Card màn hình,Card màn hình Gigabyte RX 6500 XT EAGLE-4GD,4.999.000,+0%,,,,https://hacom.vn/card-man-hinh-gigabyte-rx-6500-xt-eagle-4gd
HACOM (Hà Nội),VGA - Card màn hình,Card màn hình Gigabyte RTX 3060 WINDFORCE OC 12G,10.999.000,+0%,,,,https://hacom.vn/card-man-hinh-gigabyte-rtx-3060-windforce-oc-12g
HACOM (Hà Nội),VGA - Card màn hình,Card màn hình Asus DUAL-RX 6500 XT-O4G-V2,4.999.000,+0%,,,,https://hacom.vn/card-man-hinh-asus-dual-rx-6500-xt-o4g-v2
HACOM (Hà Nội),VGA - Card màn hình,Card màn hình MSI RTX 3050 VENTUS 2X 6G OC,5.999.000,+0%,,,,https://hacom.vn/card-man-hinh-msi-rtx-3050-ventus-2x-6g-oc
HACOM (Hà Nội),VGA - Card màn hình,Card màn hình MSI RTX 3050 VENTUS 2X XS 8G OC,7.999.000,+0%,,,,https://hacom.vn/card-man-hinh-msi-rtx-3050-ventus-2x-xs-8g-oc
HACOM (Hà Nội),VGA - Card màn hình,Card màn hình Gigabyte RTX 3050 WINDFORCE OC V2 8G,7.999.000,+0%,,,,https://hacom.vn/card-man-hinh-gigabyte-rtx-3050-windforce-oc-v2-8g
HACOM (Hà Nội),VGA - Card màn hình,Card màn hình Gigabyte RTX 5060 WINDFORCE-8GD GDDR7 (GV-N5060WF2-8GD),11.999.000,+13.2%,,,,https://hacom.vn/vga-gigabyte-rtx-5060-windforce-8gd-gddr7
HACOM (Hà Nội),VGA - Card màn hình,Card màn hình MSI RTX 5060 8G VENTUS 2X OC GDDR7,11.999.000,+9.1%,,,,https://hacom.vn/vga-msi-rtx-5060-8g-ventus-2x-oc-gddr7
HACOM (Hà Nội),VGA - Card màn hình,Card màn hình Gigabyte RTX 5060 WINDFORCE OC-8GD (GV-N5060WF2OC-8GD),11.999.000,+9.1%,,,,https://hacom.vn/card-man-hinh-gigabyte-rtx-5060-windforce-oc-8gd-gv-n5060wf2oc-8gd
HACOM (Hà Nội),VGA - Card màn hình,Card màn hình Gigabyte GeForce RTX 5050 WINDFORCE OC-8GB (GV-N5050WF2OC-8GD) GDDR6,8.999.000,+0%,,,,https://hacom.vn/card-man-hinh-gigabyte-geforce-rtx-5050-windforce-oc-8gb-gv-n5050wf2oc-8gd-gddr6
HACOM (Hà Nội),VGA - Card màn hình,Card màn hình MSI GeForce RTX 5050 8G VENTUS 2X OC,8.999.000,+0%,,,,https://hacom.vn/card-man-hinh-msi-geforce-rtx-5050-8g-ventus-2x-oc
HACOM (Hà Nội),Mainboard,Mainboard ASUS TUF GAMING Z890-PLUS WIFI DDR5,7.999.000,+0%,,,,https://hacom.vn/mainboard-asus-tuf-gaming-z890-plus-wifi-ddr5
HACOM (Hà Nội),Mainboard,Mainboard ASUS PRIME Z890-P WIFI-CSM,7.999.000,,,,,https://hacom.vn/mainboard-asus-prime-z890-p-wifi-csm
HACOM (Hà Nội),Mainboard,Mainboard ASUS PRIME Z890-P-CSM DDR5,7.399.000,+0%,,,,https://hacom.vn/mainboard-asus-prime-z890-p-csm-mbas0873
HACOM (Hà Nội),Mainboard,Mainboard ASUS TUF GAMING B760M-PLUS WIFI D4,4.799.000,+0%,,,,https://hacom.vn/mainboard-asus-tuf-gaming-b760m-plus-wifi-d4
HACOM (Hà Nội),Mainboard,Mainboard ASUS TUF GAMING Z790 PLUS WIFI DDR5,7.999.000,+0%,,,,https://hacom.vn/mainboard-asus-tuf-gaming-z790-plus-wifi-ddr5
HACOM (Hà Nội),Mainboard,Mainboard ASUS PRIME H510M-K R2.0,1.999.000,+0%,,,,https://hacom.vn/mainboard-asus-prime-h510m-k-r2.0
HACOM (Hà Nội),Mainboard,Mainboard ASUS PRIME Z790-P WIFI-CSM DDR5,6.999.000,+0%,,,,https://hacom.vn/mainboard-asus-prime-z790-p-wifi-csm
HACOM (Hà Nội),Mainboard,Mainboard ASUS PRIME Z790-P-CSM DDR5,5.999.000,+0%,,,,https://hacom.vn/mainboard-asus-prime-z790-p-csm
HACOM (Hà Nội),Mainboard,Mainboard ASUS TUF GAMING B650M-E WIFI DDR5,5.999.000,,,,,https://hacom.vn/mainboard-asus-tuf-gaming-b650m-e-wifi-ddr5
HACOM (Hà Nội),Mainboard,Mainboard ASUS TUF GAMING B550M-PLUS WIFI II,3.999.000,+0%,,,,https://hacom.vn/mainboard-asus-tuf-gaming-b550m-plus-wifi-ii
HACOM (Hà Nội),Mainboard,Mainboard ASUS TUF GAMING X870-PLUS WIFI,10.699.000,+0%,,,,https://hacom.vn/mainboard-asus-tuf-gaming-x870-plus-wifi
HACOM (Hà Nội),Mainboard,Mainboard ASUS CROSSHAIR X870E HERO,20.599.000,,,,,https://hacom.vn/mainboard-asus-crosshair-x870e-hero
HACOM (Hà Nội),Mainboard,Mainboard ASUS ROG STRIX X870-F GAMING WIFI,13.999.000,,,,,https://hacom.vn/mainboard-asus-rog-strix-x870-f-gaming-wifi
HACOM (Hà Nội),Mainboard,Mainboard COLORFUL CVN B860M Gaming FROZEN,4.999.000,+0%,,,,https://hacom.vn/mainboard-colorful-cvn-b860m-gaming-frozen-mbcl0005
HACOM (Hà Nội),Mainboard,Mainboard Asus PRIME H610M-K D4,2.399.000,+0%,,,,https://hacom.vn/mainboard-asus-prime-h610m-k-d4
HACOM (Hà Nội),Mainboard,Mainboard ASUS PRIME H610M-F WIFI D4,2.699.000,+0%,,,,https://hacom.vn/mainboard-asus-prime-h610m-f-wifi-d4-mbas0864
HACOM (Hà Nội),Mainboard,Mainboard ASUS TUF GAMING B760M-PLUS D4,4.599.000,+0%,,,,https://hacom.vn/mainboard-asus-tuf-gaming-b760m-plus-d4
HACOM (Hà Nội),Mainboard,Mainboard ASUS PRIME B760M-K D4,3.299.000,+0%,,,,https://hacom.vn/mainboard-asus-prime-b760m-k-d4
HACOM (Hà Nội),Mainboard,Mainboard ASUS TUF GAMING B760M-PLUS WIFI II DDR5,4.999.000,+0%,,,,https://hacom.vn/mainboard-asus-tuf-gaming-b760m-plus-wifi-ii-ddr5
HACOM (Hà Nội),Mainboard,Mainboard Asus B760M-AYW WIFI D4,3.599.000,+0%,,,,https://hacom.vn/mainboard-asus-b760m-ayw-wifi-d4
HACOM (Hà Nội),Mainboard,Mainboard Asus B760M-AYW WIFI DDR5,3.799.000,+0%,,,,https://hacom.vn/mainboard-asus-b760m-ayw-wifi-ddr5
HACOM (Hà Nội),Mainboard,Mainboard ASUS PRIME B760M-A D4-CSM,3.999.000,+0%,,,,https://hacom.vn/mainboard-asus-prime-b760m-a-d4-cms
HACOM (Hà Nội),Mainboard,Mainboard ASUS PRIME B860M-A-CSM,4.999.000,+0%,,,,https://hacom.vn/mainboard-asus-prime-b860m-a-csm
HACOM (Hà Nội),Mainboard,Mainboard Gigabyte X870 AORUS ELITE WIFI7,8.799.000,+0%,,,,https://hacom.vn/mainboard-gigabyte-x870-aorus-elite-wifi7
HACOM (Hà Nội),PSU - Nguồn máy tính,Nguồn Asus PRIME 750B BLACK ( 80 Plus Bronze),1.999.000,+0%,,,,https://hacom.vn/nguon-asus-prime-750b-black-80-plus-bronze
HACOM (Hà Nội),PSU - Nguồn máy tính,Nguồn Asus PRIME 650B BLACK ( 80 Plus Bronze),1.699.000,+0%,,,,https://hacom.vn/nguon-asus-prime-650b-black-80-plus-bronze
HACOM (Hà Nội),PSU - Nguồn máy tính,Nguồn máy tính AIGO VK550 - 500W (Màu Đen),799.000,+0%,,,,https://hacom.vn/nguon-may-tinh-aigo-vk550-550w-mau-den
HACOM (Hà Nội),PSU - Nguồn máy tính,Nguồn máy tính AIGO VK650 - 650W (80 Plus/ Active PFC/ Single Rail),999.000,+0%,,,,https://hacom.vn/nguon-may-tinh-aigo-vk650-650w-80-plus-active-pfc-single-rail
HACOM (Hà Nội),PSU - Nguồn máy tính,Nguồn Xigmatek X-POWER III 650 - 600W EN45990 (Màu Đen),999.000,,,,,https://hacom.vn/nguon-xigmatek-x-power-iii-650-600w-en45990-mau-den
HACOM (Hà Nội),PSU - Nguồn máy tính,Nguồn Gigabyte GP- P750GM 750W (80 Plus Gold/Full Modular/Màu Đen),2.649.000,+0%,,,,https://hacom.vn/nguon-gigabyte-gp-p750gm-750w-80-plus-gold-full-modular-mau-den
HACOM (Hà Nội),PSU - Nguồn máy tính,Nguồn máy tính AIGO VK450 - 450W (Màu Đen),699.000,+0%,,,,https://hacom.vn/nguon-may-tinh-aigo-vk450-450w-mau-den
HACOM (Hà Nội),PSU - Nguồn máy tính,Nguồn máy tính AIGO GB750 - 750W (80 Plus Bronze/Màu Đen),1.599.000,+0%,,,,https://hacom.vn/nguon-may-tinh-aigo-gb750-750w-80-plus-bronze-mau-den
HACOM (Hà Nội),PSU - Nguồn máy tính,Nguồn máy tính AIGO GB650 - 650W (80 Plus Bronze/Màu Đen),1.599.000,+0%,,,,https://hacom.vn/nguon-may-tinh-aigo-gb650-650w-80-plus-bronze-mau-den
HACOM (Hà Nội),PSU - Nguồn máy tính,Nguồn máy tính AIGO VK350 - 350W (Màu Đen),499.000,+0%,,,,https://hacom.vn/nguon-may-tinh-aigo-vk350-350w-mau-den
HACOM (Hà Nội),PSU - Nguồn máy tính,Nguồn máy tính AIGO GB550 - 550W (80 Plus Bronze/Màu Đen),1.299.000,+0%,,,,https://hacom.vn/nguon-may-tinh-aigo-gb550-550w-80-plus-bronze-mau-den
HACOM (Hà Nội),PSU - Nguồn máy tính,Nguồn máy tính Corsair CX750 750W (80 Plus Bronze/ Màu Đen),1.999.000,+0%,,,,https://hacom.vn/nguon-may-tinh-corsair-cx750-80-plus-bronze-mau-den
HACOM (Hà Nội),PSU - Nguồn máy tính,Nguồn máy tính Corsair CX650 650W (80 Plus Bronze/ Màu Đen),1.999.000,+0%,,,,https://hacom.vn/nguon-may-tinh-corsair-cx650-80-plus-bronze-mau-den
HACOM (Hà Nội),PSU - Nguồn máy tính,Nguồn máy tính Corsair CX550 550W (80 Plus Bronze/ Màu Đen),1.599.000,+0%,,,,https://hacom.vn/nguon-may-tinh-corsair-cx550-80-plus-bronze-mau-den
HACOM (Hà Nội),PSU - Nguồn máy tính,Nguồn máy tính Cooler Master MWE V3 230V 750 - 750W (80 Plus Bronze/ATX3.1),1.999.000,+0%,,,,https://hacom.vn/nguon-may-tinh-cooler-master-mwe-v3-230v-750-750w-80-plus-bronze-atx3.1
HACOM (Hà Nội),PSU - Nguồn máy tính,Nguồn máy tính GIGABYTE P650SS 650W (80 PLus Silver/Màu Đen),1.999.000,+0%,,,,https://hacom.vn/nguon-may-tinh-gigabyte-p650ss-650w-80-plus-silver-mau-den
HACOM (Hà Nội),PSU - Nguồn máy tính,Nguồn máy tính Cooler Master MWE Gold 750 V3 NM FR - 750W (80 Plus Gold/ATX3.1),2.349.000,+0%,,,,https://hacom.vn/nguon-may-tinh-cooler-master-mwe-gold-750-v3-nm-fr-750w-80-plus-gold-atx3.1
HACOM (Hà Nội),PSU - Nguồn máy tính,Nguồn máy tính MSI MAG A500N-H 500W,1.199.000,+0%,,,,https://hacom.vn/nguon-may-tinh-msi-mag-a500n-h-500w
HACOM (Hà Nội),PSU - Nguồn máy tính,Nguồn máy tính MSI MAG A650BNL - 650W (80 Plus Bronze),1.899.000,+0%,,,,https://hacom.vn/nguon-may-tinh-msi-mag-a650bnl-650w-80-plus-bronze
HACOM (Hà Nội),PSU - Nguồn máy tính,Nguồn máy tính Corsair RM850e ATX 3.1 850W (80 Plus Gold/ Màu Đen),3.639.000,+0%,,,,https://hacom.vn/nguon-may-tinh-corsair-rm850e-atx-3.1-80-plus-gold-mau-den
HACOM (Hà Nội),PSU - Nguồn máy tính,Nguồn máy tính Corsair RM1000e ATX 3.1 1000W (80 Plus Gold/ Màu Đen),4.849.000,+0%,,,,https://hacom.vn/nguon-may-tinh-corsair-rm1000e-atx-3.1-80-plus-gold-mau-den
HACOM (Hà Nội),PSU - Nguồn máy tính,Nguồn máy tính DARKFLASH PMT850 GOLD - 850W (80 Plus Gold/ATX3.1/PCI-e 5.1/Full Modular),2.689.000,+0%,,,,https://hacom.vn/nguon-may-tinh-darkflash-pmt850-gold-850w-80-plus-gold-atx3.1-pci-e-5.1-full-modular
HACOM (Hà Nội),PSU - Nguồn máy tính,Nguồn máy tính DARKFLASH PMT750 GOLD - 750W (80 Plus Gold/ATX3.1/PCI-e 5.1/Full Modular),2.489.000,+0%,,,,https://hacom.vn/nguon-may-tinh-darkflash-pmt750-gold-750w-80-plus-gold-atx3.1-pci-e-5.1-full-modular
HACOM (Hà Nội),PSU - Nguồn máy tính,Nguồn KENOO ESPORT E750 - 750W (Dây dẹt),1.349.000,+0%,,,,https://hacom.vn/nguon-kenoo-esport-e750-750w-day-det
HACOM (Hà Nội),Màn hình,Màn hình Asus TUF VG249Q5R (23.8 inch/FHD/IPS/200Hz/0.3ms/loa),3.589.000,+0%,,,,https://hacom.vn/man-hinh-asus-tuf-vg249q5r
HACOM (Hà Nội),Màn hình,Màn hình ASUS VY279HGR (27 inch/FHD/IPS/120Hz/1ms),3.590.000,+0%,,,,https://hacom.vn/man-hinh-asus-vy279hgr
HACOM (Hà Nội),Màn hình,Màn hình MSI PRO MP242 E14A (23.8 inch/FHD/IPS/144Hz/1ms/loa),2.990.000,+0%,,,,https://hacom.vn/man-hinh-msi-pro-mp242-e14a-moms0181
HACOM (Hà Nội),Màn hình,Màn hình ASUS TUF VG249QE5A (23.8 inch/FHD/IPS/146Hz/1ms/loa),3.399.000,+0%,,,,https://hacom.vn/man-hinh-asus-tuf-vg249qe5a
HACOM (Hà Nội),Màn hình,Màn hình ASUS VY249HGR (23.8 inch/FHD/IPS/120Hz/1ms),3.299.000,+0%,,,,https://hacom.vn/man-hinh-asus-vy249hgr
HACOM (Hà Nội),Màn hình,Màn hình ASUS TUF VG279QE5A (27 inch/FHD/IPS/146Hz/1ms/loa),3.999.000,+0%,,,,https://hacom.vn/man-hinh-asus-tuf-vg279qe5a
HACOM (Hà Nội),Màn hình,Màn Hình LG UltraGear 27GP750-B (27 inch/FHD/IPS/240Hz/1ms),4.990.000,,,,,https://hacom.vn/man-hinh-lg-ultragear-27gp750-b
HACOM (Hà Nội),Màn hình,Màn hình LG 24U411A-B (23.8 inch/FHD/IPS/120Hz/1ms),2.999.000,,,,,https://hacom.vn/man-hinh-lg-24u411a-b
HACOM (Hà Nội),Màn hình,Màn hình HKC MB24V39 (23.8 inch/FHD/IPS/120Hz/4ms),2.499.000,+0%,,,,https://hacom.vn/man-hinh-hkc-mb24v39-120hz
HACOM (Hà Nội),Màn hình,Màn hình Gigabyte G25F2A (24.5 inch/FHD/IPS/240hz/1ms/loa),4.599.000,+0%,,,,https://hacom.vn/man-hinh-gigabyte-g25f2a
HACOM (Hà Nội),Màn hình,Màn hình Gigabyte MO27Q2 (27 inch/QHD/QD-OLED/240Hz/0.03ms/loa),16.299.000,+0%,,,,https://hacom.vn/man-hinh-gigabyte-mo27q2
HACOM (Hà Nội),Màn hình,Màn hình Gigabyte GS24F14 (23.8 inch/FHD/IPS/144hz/1ms),2.999.000,+0%,,,,https://hacom.vn/man-hinh-gigabyte-gs24f14-mogi0063
HACOM (Hà Nội),Màn hình,Màn hình ASUS VA249HG (23.8 inch/FHD/IPS/120Hz/1ms),3.299.000,+0%,,,,https://hacom.vn/man-hinh-asus-va249hg
HACOM (Hà Nội),Màn hình,Màn hình ViewSonic XG2737 (27 Inch/FHD/IPS/520Hz/1ms),14.999.000,+0%,,,,https://hacom.vn/man-hinh-viewsonic-xg2737
HACOM (Hà Nội),Màn hình,Màn hình Samsung Odyssey G5 G55C LS32CG552EEXXV (32 inch/QHD/VA/165Hz/1ms/cong),7.999.000,+0%,,,,https://hacom.vn/man-hinh-samsung-odyssey-g5-g55c-ls32cg552eexxv
HACOM (Hà Nội),Màn hình,Màn hình ViewSonic VG3820C (38 inch/WQHD+/IPS/75Hz/5ms/loa/cong),12.999.000,+0%,,,,https://hacom.vn/man-hinh-viewsonic-vg3820c
HACOM (Hà Nội),Màn hình,Màn hình Samsung LS34C500GAEXXV (34 inch/WQHD/VA/100Hz/5ms),7.399.000,+0%,,,,https://hacom.vn/man-hinh-samsung-ls34c500gaexxv
HACOM (Hà Nội),Màn hình,Màn hình Samsung LC34G55TWWEXXV (34 inch/WQHD/VA/165Hz/1ms),8.499.000,+0%,,,,https://hacom.vn/man-hinh-samsung-lc34g55twwexxv-mosa0233
HACOM (Hà Nội),Màn hình,Màn hình LG UltraGear 34GX90SA-W (34 inch/WQHD/OLED/240Hz/0.03ms/webOS/cong),33.990.000,+0%,,,,https://hacom.vn/man-hinh-ultragear-34gx90sa-w
HACOM (Hà Nội),Màn hình,Màn hình Samsung Odyssey G8 LS34DG850SEXXV (34 inch/WQHD/OLED/175Hz/0.03ms/Smart/cong),26.999.000,+0%,,,,https://hacom.vn/man-hinh-samsung-odyssey-g8-ls34dg850sexxv
HACOM (Hà Nội),Màn hình,Màn hình Dell Pro Plus P3425WE (34 inch/WQHD/IPS/100Hz/5ms/USB-C 90W),17.990.000,+0%,,,,https://hacom.vn/man-hinh-dell-pro-plus-p3425we
HACOM (Hà Nội),Màn hình,Màn hình Dell Ultrasharp U3425WE (34 inch/QHD/IPS/120Hz/5ms/USB-C),25.999.000,+0%,,,,https://hacom.vn/man-hinh-dell-ultrasharp-u3425we
HACOM (Hà Nội),Màn hình,Màn hình Asus TUF VG34WQML5A (34 inch/WQHD/VA/250Hz/1ms/loa),9.999.000,+0%,,,,https://hacom.vn/man-hinh-asus-tuf-vg34wqml5a
HACOM (Hà Nội),Màn hình,Màn hình Samsung Odyssey OLED G8 LS34BG850SEXXV (34 inch/WQHD/OLED/175Hz/0.1ms/cong),29.000.000,+0%,,,,https://hacom.vn/man-hinh-samsung-odyssey-oled-g8-ls34bg850sexxv
GEARVN,RAM Laptop,Ram Laptop Kingston 32GB 2Rx8 4G x 64-Bit 5600 Mhz CL46 (KVR56S46BD8-32),12.990.000,+0%,,,,https://gearvn.com/products/ram-laptop-kingston-32gb-2rx8-4g-x-64-bit-5600-mhz-cl46-kvr56s46bd8-32
GEARVN,RAM Laptop,Ram Laptop V-Color DDR5 16GB 5600Mhz TN516G56S846 Sodimm,2.990.000,+0%,,,,https://gearvn.com/products/ram-laptop-v-color-ddr5-16gb-5600mhz-tn516g56s846-sodimm
GEARVN,RAM Laptop,Ram Laptop Lexar 16GB DDR5 5600Mhz LD5S16G56C46ST-BGS Sodimm,1.890.000,+0%,,,,https://gearvn.com/products/ram-laptop-lexar-16gb-ddr5-5600mhz-ld5s16g56c46st-bgs-sodimm
GEARVN,RAM Laptop,Ram Laptop V-Color DDR4 8GB 3200Mhz TN48G32S822 1Gx8 1Rx8 Sodimm,2.990.000,+0%,,,,https://gearvn.com/products/ram-laptop-v-color-ddr4-8gb-3200mhz-tn48g32s822-1gx8-1rx8-sodimm
GEARVN,RAM Laptop,Ram Laptop Kingston DDR5 16GB 4800Mhz 1.1V KVR48S40BS8 16,1.990.000,+0%,,,,https://gearvn.com/products/ram-laptop-kingston-ddr5-16gb-4800mhz-1-1v-kvr48s40bs8-16
GEARVN,RAM Laptop,Ram Laptop Kingston 8GB CL22 3200 Sodimm (KVR32S22S8/8WP),2.990.000,+0%,,,,https://gearvn.com/products/8gb-ddr4-1x8g-3200-ram-laptop-kingston-8gb-sodimm
GEARVN,RAM Laptop,Ram Lexar CL22 1x32GB 3200 Sodimm,1.990.000,-26%,,,,https://gearvn.com/products/ram-lexar-cl22-1x32gb-3200-sodimm
GEARVN,RAM Laptop,Ram Laptop Lexar CL22 1x16GB 3200 Sodimm,2.990.000,+0%,,,,https://gearvn.com/products/ram-lexar-cl22-1x16gb-3200-sodimm
GEARVN,RAM Laptop,Ram Laptop Kingston DDR5 8GB 5600MHz KVR56S46BS6 8,5.990.000,+0%,,,,https://gearvn.com/products/ram-laptop-kingston-ddr5-8gb-5600mhz-kvr56s46bs6-8
GEARVN,RAM Laptop,Ram G.Skill 8GB F4 3200C22S 8GRS SODIMM,730.000,-38.7%,,,,https://gearvn.com/products/ram-g-skill-8gb-f4-3200c22s-8grs-sodimm
GEARVN,SSD,NVMe PCIe Gen 4.0 x4,11.490.000,+0%,,,,https://gearvn.com/products/o-cung-ssd-kingston-nv3-2tb-m-2-pcie-nvme-gen4
GEARVN,SSD,NVMe PCIe Gen 3.0 x4,490.000,-29%,,,,https://gearvn.com/products/ssd-klevv-cras-c710-256gb-gen3-k256gm2sp0-c71
GEARVN,Laptop,"Laptop GIGABYTE AORUS Master 16 6XJM4VNE64SH (Ryzen 9 9955HX3D/ RTX 5070 Ti 12GB/ 32GB/ 1TB/ 16"" QHD+ OLED 240Hz/ Win 11)",84.990.000,,,,,https://gearvn.com/products/laptop-gigabyte-aorus-master-16-6xjm4vne64sh-ryzen-9-9955hx3d-rtx-5070-ti-12gb-32gb-1tb-16-qhd-oled-240hz-win-11
GEARVN,Laptop,"Laptop GIGABYTE AERO X16 4WHN3VNC93AH (Ryzen AI 9 465/ RTX 5070 8GB/ 16GB/ 512GB/ 16"" QHD+ 165Hz/ Win 11)",54.990.000,,,,,https://gearvn.com/products/laptop-gigabyte-aero-x16-4whn3vnc93ah-ryzen-ai-9-465-rtx-5070-8gb-16gb-512gb-16-qhd-165hz-win-11
GEARVN,Laptop,"Laptop Acer Swift Air 14 SFA14-I31-34NF (Core 3-304/ 12GB/ 512GB/ 14"" FHD+ IPS 120Hz/ Win 11)",21.990.000,,,,,https://gearvn.com/products/laptop-acer-swift-air-14-sfa14-i31-34nf-core-3-304-12gb-512gb-14-fhd-ips-120hz-win-11
GEARVN,Laptop,"Laptop GIGABYTE Gaming A16 EVHS3VN893SH (Ultra 9-185H/ RTX 5060 8GB/ 16GB/ 512GB/ 16"" FHD+ 165Hz/ Win 11)",40.990.000,,,,,https://gearvn.com/products/laptop-gigabyte-gaming-a16-evhs3vn893sh-ultra-9-185h-rtx-5060-8gb-16gb-512gb-16-fhd-165hz-win-11
GEARVN,Laptop,"Laptop Asus Vivobook 14 X1404V (Core 5-120U/ 8GB/ 256GB/ 14"" FHD/ Win 11)",16.990.000,,,,,https://gearvn.com/products/laptop-asus-vivobook-14-x1404v-core-5-120u-8gb-256gb-14-fhd-win-11
GEARVN,Laptop,"Laptop Asus Vivobook 16 X1605VA-MB1826W (I3-1315U/ 8GB/ 512GB/ 16"" WUXGA/ Win 11)",15.990.000,,,,,https://gearvn.com/products/laptop-asus-vivobook-16-x1605va-mb1826w-i3-1315u-8gb-512gb-16-wuxga-win-11
GEARVN,Laptop,"Laptop gaming ASUS TUF Gaming A16 FA607NUQ-RL007W (Ryzen 7-170/ RTX 4050 6GB/ 16GB/ 512GB/ 16"" FHD 144Hz/ Win 11)",36.990.000,,,,,https://gearvn.com/products/laptop-gaming-asus-tuf-gaming-a16-fa607nuq-rl007w-ryzen-7-170-rtx-4050-6gb-16gb-512gb-16-fhd-144hz-win-11
GEARVN,Laptop,"Laptop Asus Vivobook Go 14 E1404FA-EB935W (Ryzen 5-7430U/ 16GB/ 512GB/ 14"" FHD/ Win 11)",19.490.000,,,,,https://gearvn.com/products/laptop-asus-vivobook-go-14-e1404fa-eb935w-ryzen-5-7430u-16gb-512gb-14-fhd-win-11
GEARVN,Laptop,"Laptop gaming ASUS V16 V3607VJ-TK189W (Core 5-210H/ RTX 3050 6GB/ 16GB/ 512GB/ 16"" WUXGA 144Hz/ Win 11)",28.990.000,,,,,https://gearvn.com/products/laptop-gaming-asus-v16-v3607vj-tk189w-core-5-210h-rtx-3050-6gb-16gb-512gb-16-wuxga-144hz-win-11
GEARVN,Laptop,"Laptop Asus VivoBook 14 X1407AA-LY360W (Ultra 5-325/ 16GB/ 512GB/ 14"" WUXGA/ Win 11)",26.990.000,,,,,https://gearvn.com/products/laptop-asus-vivobook-14-x1407aa-ly360w-ultra-5-325-16gb-512gb-14-wuxga-win-11
GEARVN,Laptop,"Laptop Dell 16 DC16251 (I5-120U/ 8GB/ 512GB/ 16"" FHD+ Touch/ Win 11) - Nhập Khẩu Chính Hãng",18.990.000,,,,,https://gearvn.com/products/laptop-dell-16-dc16251-i5-120u-8gb-512gb-16-fhd-touch-win-11
GEARVN,Laptop,"Laptop gaming Acer Predator Helios Neo 16 PHN16-I31-91K5 (I9-14900HX/ RTX 5070 8GB/ 32GB/ 1TB/ 16"" 2K+ IPS 180Hz/ Win 11)",89.990.000,,,,,https://gearvn.com/products/laptop-gaming-acer-predator-helios-neo-16-phn16-i31-91k5-i9-14900hx-rtx-5070-8gb-32gb-1tb-16-2k-ips-180hz-win-11
GEARVN,Laptop,"Laptop gaming Acer Predator Helios Neo 16 AI PHN16-I71-9779 (Ultra 9-290HX/ RTX 5070 8GB/ 64GB/ 2TB/ 16"" 2K+ IPS 180Hz/ Win 11)",109.990.000,,,,,https://gearvn.com/products/laptop-gaming-acer-predator-helios-neo-16-ai-phn16-i71-9779-ultra-9-290hx-rtx-5070-8gb-64gb-2tb-16-2k-ips-180hz-win-11
GEARVN,Laptop,"Laptop Asus ExpertBook P5 P5405CSA-NZ0450WS (Ultra 5-226V/ 16GB/ 512GB/ 14"" WQXGA/ Win 11)",31.990.000,,,,,https://gearvn.com/products/laptop-asus-expertbook-p5-p5405csa-nz0450ws-ultra-5-226v-16gb-512gb-14-wqxga-win-11
GEARVN,Laptop,"Laptop Asus ExpertBook P5 P5405CSA-NZ0442WS (Ultra 7-258V/ 32GB/ 1TB/ 14"" WQXGA/ Win 11)",39.990.000,,,,,https://gearvn.com/products/laptop-asus-expertbook-p5-p5405csa-nz0442ws-ultra-7-258v-32gb-1tb-14-wqxga-win-11
GEARVN,Laptop,"Laptop Asus ExpertBook P5 P5405CSA-NZ0017W (Ultra 7-258V/ 32GB/ 1TB/ 14"" WQXGA/ Win 11)",38.990.000,,,,,https://gearvn.com/products/laptop-asus-expertbook-p5-p5405csa-nz0017w-ultra-7-258v-32gb-1tb-14-wqxga-win-11
GEARVN,Laptop,"Laptop Asus ExpertBook P5 P5405CSA-NZ0016W (Ultra 5-226V/ 16GB/ 512GB/ 14"" WQXGA/ Win 11)",30.990.000,,,,,https://gearvn.com/products/laptop-asus-expertbook-p5-p5405csa-nz0016w-ultra-5-226v-16gb-512gb-14-wqxga-win-11
GEARVN,Laptop,"Laptop Asus ExpertBook P5 G2 P5405CAA-NZ0223W (Ultra 7-356H/ 16GB/ 512GB/ 14"" WQXGA/ Win 11)",41.990.000,,,,,https://gearvn.com/products/laptop-asus-expertbook-p5-g2-p5405caa-nz0223w-ultra-7-356h-16gb-512gb-14-wqxga-win-11
GEARVN,Laptop,"Laptop Asus ExpertBook P3 G1 P3406CCAP-U516S8W (Ultra 5-225H/ 16GB/ 512GB/ 14"" WUXGA/ Win 11)",29.990.000,,,,,https://gearvn.com/products/laptop-asus-expertbook-p3-g1-p3406ccap-u516s8w-ultra-5-225h-16gb-512gb-14-wuxga-win-11
GEARVN,Laptop,"Laptop Asus ExpertBook P1 P1503CVA-C5H16-63WS (Core 5-210H/ 16GB/ 512GB/ 15.6"" FHD/ Win 11)",26.990.000,,,,,https://gearvn.com/products/laptop-asus-expertbook-p1-p1503cva-c5h16-63ws-core-5-210h-16gb-512gb-15-6-fhd-win-11
GEARVN,HDD,Ổ Cứng HDD Seagate Barracuda 1TB,3.290.000,+0%,,,,https://gearvn.com/products/hdd-seagate-barracuda-1tb-7200rpm
GEARVN,HDD,"Ổ Cứng HDD WD 1TB Blue 2.5"" for Laptop",1.690.000,+0%,,,,https://gearvn.com/products/hdd-western-digital-blue-1tb-2-5-sata-3
GEARVN,HDD,"Ổ Cứng HDD Seagate 1TB 2.5"" for Laptop - ST1000LM048",1.390.000,-12.6%,,,,https://gearvn.com/products/o-cung-hdd-seagate-1tb-2-5inch-sata-3-st1000lm048
GEARVN,VGA - Card màn hình,Card màn hình MSI GeForce RTX 5060 Ventus 2X OC V1 8GB,13.690.000,+19.1%,,,,https://gearvn.com/products/card-man-hinh-msi-geforce-rtx-5060-ventus-2x-oc-v1-8gb
GEARVN,VGA - Card màn hình,Card màn hình ASUS ROG Astral EDITION 20 GeForce RTX 5090 32GB GDDR7,200.000.000,,,,,https://gearvn.com/products/card-man-hinh-asus-rog-astral-edition-20-geforce-rtx-5090-32gb-gddr7
GEARVN,VGA - Card màn hình,Card màn hình Zotac GeForce RTX 5080 Solid Core OC 16GB,39.990.000,+0%,,,,https://gearvn.com/products/card-man-hinh-zotac-geforce-rtx-5080-solid-core-oc-16gb
GEARVN,VGA - Card màn hình,Card màn hình Zotac GeForce RTX 5070Ti Solid Core OC 16GB,33.590.000,+1.8%,,,,https://gearvn.com/products/card-man-hinh-zotac-geforce-rtx-5070ti-solid-core-oc-16gb
GEARVN,VGA - Card màn hình,Card màn hình Zotac GeForce RTX 5060 Ti 16GB Twin Edge OC,21.990.000,+0%,,,,https://gearvn.com/products/card-man-hinh-zotac-geforce-rtx-5060-ti-16gb-twin-edge-oc-1
GEARVN,VGA - Card màn hình,Card màn hình SPARKLE Intel Arc B580 TWINSTAR OC 12GB GDDR6,9.990.000,+0%,,,,https://gearvn.com/products/card-man-hinh-sparkle-intel-arc-b580-twinstar-oc-12gb-gddr6
GEARVN,VGA - Card màn hình,Card màn hình Leadtek NVIDIA RTX PRO 5000 Blackwell 48GB GDDR7,218.990.000,,,,,https://gearvn.com/products/card-man-hinh-leadtek-nvidia-rtx-pro-5000-blackwell-48gb-gddr7
GEARVN,VGA - Card màn hình,Card màn hình Zotac GeForce RTX 5060 Ti 8GB Moon White OC,14.490.000,+0%,,,,https://gearvn.com/products/card-man-hinh-zotac-geforce-rtx-5060-ti-8gb-moon-white-oc
GEARVN,VGA - Card màn hình,Card màn hình MSI GeForce RTX 5060 Ti Shadow 2X OC Plus 8GB,15.490.000,,,,,https://gearvn.com/products/card-man-hinh-msi-geforce-rtx-5060-ti-shadow-2x-oc-plus-8gb
GEARVN,VGA - Card màn hình,Card màn hình MSI GeForce RTX 5090 LIGHTNING Z 32GB,209.990.000,+0%,,,,https://gearvn.com/products/card-man-hinh-msi-geforce-rtx-5090-lightning-z-32gb
GEARVN,VGA - Card màn hình,Card màn hình Leadtek NVIDIA RTX PRO 4000 Blackwell 24GB GDDR7,60.990.000,,,,,https://gearvn.com/products/card-man-hinh-leadtek-nvidia-rtx-pro-4000-blackwell-24gb-gddr7
GEARVN,VGA - Card màn hình,Card màn hình SPARKLE Intel Arc B580 TITAN OC 12GB GDDR6,10.990.000,,,,,https://gearvn.com/products/card-man-hinh-sparkle-intel-arc-b580-titan-oc-12gb-gddr6
GEARVN,VGA - Card màn hình,Card màn hình SPARKLE Intel Arc B580 TITAN Nox OC 12GB GDDR6,10.990.000,,,,,https://gearvn.com/products/card-man-hinh-sparkle-intel-arc-b580-titan-nox-oc-12gb-gddr6
GEARVN,VGA - Card màn hình,Card màn hình Gigabyte GeForce RTX 5060 Windforce Max OC 8GB,11.990.000,+0%,,,,https://gearvn.com/products/card-man-hinh-gigabyte-geforce-rtx-5060-windforce-max-oc-8gb
GEARVN,VGA - Card màn hình,Card màn hình Zotac GEFORCE RTX 5060 Ti 8GB TWIN EDGE GDDR7,13.490.000,+0%,,,,https://gearvn.com/products/card-man-hinh-zotac-geforce-rtx-5060-ti-8gb-twin-edge-gddr7
GEARVN,VGA - Card màn hình,Card màn hình Zotac GEFORCE RTX 3050 TWIN EDGE OC 6GB GDDR6,6.890.000,+0%,,,,https://gearvn.com/products/card-man-hinh-zotac-geforce-rtx-3050-twin-edge-oc-6gb-gddr6
GEARVN,VGA - Card màn hình,Card màn hình Zotac GEFORCE RTX 5050 TWIN EDGE OC 8GB GDDR6,9.490.000,,,,,https://gearvn.com/products/card-man-hinh-zotac-geforce-rtx-5050-twin-edge-oc-8gb-gddr6
GEARVN,VGA - Card màn hình,Card màn hình Zotac GeForce RTX 5060 Ti 16GB Twin Edge,15.990.000,,,,,https://gearvn.com/products/card-man-hinh-zotac-geforce-rtx-5060-ti-16gb-twin-edge
GEARVN,VGA - Card màn hình,Card màn hình ZOTAC GAMING GeForce RTX 5070 AMP White Edition (ZT-B50700FQ-10P),19.990.000,,,,,https://gearvn.com/products/card-man-hinh-zotac-gaming-geforce-rtx-5070-amp-white-edition
GEARVN,Mainboard,Bo mạch chủ ASUS PRIME B760M-K (DDR5),2.690.000,+0%,,,,https://gearvn.com/products/bo-mach-chu-asus-prime-b760m-k-ddr5
GEARVN,Mainboard,Bo mạch chủ ASUS ROG CROSSHAIR X870E EXTREME (DDR5),32.990.000,,,,,https://gearvn.com/products/bo-mach-chu-asus-rog-crosshair-x870e-extreme-ddr5
GEARVN,Mainboard,Bo mạch chủ MSI B450M-A PRO MAX II,1.990.000,+0%,,,,https://gearvn.com/products/bo-mach-chu-msi-b450m-a-pro-max-ii
GEARVN,PSU - Nguồn máy tính,Nguồn máy tính FSP VIC BD 750W - 80 Plus Bronze (750W),1.690.000,+0%,,,,https://gearvn.com/products/nguon-may-tinh-fsp-vic-bd-750w-80-plus-bronze-750w
GEARVN,PSU - Nguồn máy tính,Nguồn máy tính FSP VIC WD 650W - 80 Plus White (650W),1.090.000,+0%,,,,https://gearvn.com/products/nguon-may-tinh-fsp-vic-wd-650w-80-plus-white-650w
GEARVN,PSU - Nguồn máy tính,Nguồn máy tính Cooler Master V Platinum 1300 V2 - 1600W - 80 Plus Platinum - Full Modular,6.990.000,+0%,,,,https://gearvn.com/products/nguon-may-tinh-cooler-master-v-platinum-1300-v2-1600w-80-plus-platinum-full-modular
GEARVN,Màn hình,"Màn hình ViewSonic VA24G1-H 24"" IPS 144Hz",2.590.000,+0%,,,,https://gearvn.com/products/man-hinh-viewsonic-va24g1-h-24-ips-144hz
GEARVN,Màn hình,2K/QHD (2560 x 1440),7.990.000,+0%,,,,https://gearvn.com/products/man-hinh-asus-tuf-gaming-vg27aqm5f-27-fast-ips-2k-320hz-chuyen-game
GEARVN,Màn hình,"Màn hình ASUS TUF GAMING VG27AQME5F 27"" Fast IPS 2K 255Hz chuyên game",6.990.000,,,,,https://gearvn.com/products/man-hinh-asus-tuf-gaming-vg27aqme5f-27-fast-ips-2k-255hz-chuyen-game
GEARVN,Màn hình,"Màn hình Samsung Odyssey G8 LS27HG802SEXXV 27"" QD-OLED 4K 240Hz chuyên game",27.990.000,+0%,,,,https://gearvn.com/products/man-hinh-samsung-odyssey-g8-ls27hg802sexxv-27-qd-oled-4k-240hz-chuyen-game
GEARVN,Màn hình,"Màn hình Samsung Odyssey G7 LS32HG732SEXXV 32"" OLED 4K 165Hz-FHD 330Hz chuyên game",28.990.000,+0%,,,,https://gearvn.com/products/man-hinh-samsung-odyssey-g7-ls32hg732sexxv-32-oled-4k-165hz-fhd-330hz-chuyen-game
GEARVN,Màn hình,"Màn hình LG 27GX790B-B UltraGear 27"" OLED 2K 540Hz-HD 720Hz chuyên game",28.900.000,+0%,,,,https://gearvn.com/products/man-hinh-lg-27gx790b-b-ultragear-27-oled-2k-540hz-hd-720hz-chuyen-game
GEARVN,Màn hình,"Màn hình AOC 27B3CA3 27"" IPS 120Hz USBC",3.990.000,+0%,,,,https://gearvn.com/products/man-hinh-aoc-27b3ca3-27-ips-120hz-usbc
GEARVN,Màn hình,"Màn hình cong MSI MAG 341CQP QD-OLED X28 34"" QD-OLED 2K 280Hz chuyên game",24.990.000,+0%,,,,https://gearvn.com/products/man-hinh-cong-msi-mag-341cqp-qd-oled-x28-34-qd-oled-280hz-chuyen-game
GEARVN,Màn hình,"Màn hình MSI MAG 275QF E21 27"" Rapid IPS 2K 210Hz chuyên game",4.990.000,+0%,,,,https://gearvn.com/products/man-hinh-msi-mag-275qf-e21-27-rapid-ips-2k-210hz-chuyen-game
GEARVN,Màn hình,"Màn hình MSI MAG 274QPF X32 27"" Rapid IPS 2K 320Hz chuyên game",6.990.000,+0%,,,,https://gearvn.com/products/man-hinh-msi-mag-274qpf-x32-27-rapid-ips-2k-320hz-chuyen-game
GEARVN,Màn hình,"Màn hình ASUS TUF GAMING VG279QM5F 27"" Fast IPS 260Hz chuyên game",4.990.000,+0%,,,,https://gearvn.com/products/man-hinh-asus-tuf-gaming-vg279qm5f-27-fast-ips-260hz-chuyen-game
GEARVN,Màn hình,"Màn hình ASUS TUF GAMING VG27AQ5F 27"" Fast IPS 2K 220Hz chuyên game",6.490.000,,,,,https://gearvn.com/products/man-hinh-asus-tuf-gaming-vg27aq5f-27-fast-ips-2k-220hz-chuyen-game-1
GEARVN,Màn hình,"Màn hình cong ASUS TUF GAMING VG34WQ5A 34"" 2K 200Hz-HD 400Hz chuyên game",8.590.000,+0%,,,,https://gearvn.com/products/man-hinh-cong-asus-tuf-gaming-vg34wq5a-34-2k-200hz-hd-400hz-chuyen-game
GEARVN,Màn hình,"Màn hình ASUS TUF GAMING VG27UQEL5A 27"" Fast IPS 4K 80Hz-FHD 310Hz chuyên game",7.590.000,,,,,https://gearvn.com/products/man-hinh-asus-tuf-gaming-vg27uqel5a-27-fast-ips-4k-80hz-fhd-310hz-chuyen-game-1
GEARVN,Màn hình,4K/UHD (3840 x 2160),14.990.000,+0%,,,,https://gearvn.com/products/man-hinh-benq-ma270u-27-ips-4k
GEARVN,Màn hình,"Màn hình BenQ Zowie XL2540X+ 24"" 280Hz chuyên game",11.990.000,+0%,,,,https://gearvn.com/products/man-hinh-benq-zowie-xl2540x-24-280hz-chuyen-game
An Phát Computer (Hà Nội),RAM Laptop,Ram laptop Adata 8GB DDR5 bus 5600,4.090.000,,,,,https://www.anphatpc.com.vn/ram-laptop-adata-8gb-ddr5-bus-5600.html
An Phát Computer (Hà Nội),RAM Laptop,Ram laptop Kingston 32GB (1x32GB) DDR4 bus 3200 (KVR32S22D8/32),28.999.000,+0%,,,,https://www.anphatpc.com.vn/ram-laptop-kingston-32gb-1x32gb-ddr4-bus-3200-kvr32s22d8/32.html
An Phát Computer (Hà Nội),RAM Laptop,Ram laptop Crucial 16GB DDR5 bus 6400 (CT16G64C52CS5),7.999.000,+0%,,,,https://www.anphatpc.com.vn/ram-laptop-crucial-16gb-ddr5-bus-6400-ct16g64c52cs5.html
An Phát Computer (Hà Nội),RAM Laptop,Ram laptop Kingston 8GB DDR5 bus 5600 (KVR56S46BS6-8),5.999.000,+0%,,,,https://www.anphatpc.com.vn/ram-laptop-kingston-8gb-ddr5-bus-5600-kvr56s46bs6-8.html
An Phát Computer (Hà Nội),RAM Laptop,Ram laptop Kingmax 16GB DDR4 bus 3200MHz,7.999.000,+0%,,,,https://www.anphatpc.com.vn/ram-laptop-kingmax-gsoh22f-16gb-ddr4-3200mhz-ddr4-so-dimm-pc4-25600-16gb-1-2v.html
An Phát Computer (Hà Nội),RAM Laptop,Ram laptop Kingston 16GB DDR5 bus 5600 (KVR56S46BS8-16WP),9.999.000,+0%,,,,https://www.anphatpc.com.vn/ram-laptop-kingston-16gb-ddr5-bus-5600-kvr56s46bs8-16wp.html
An Phát Computer (Hà Nội),RAM Laptop,Ram laptop Crucial 16GB DDR5 bus 5600Mhz (CT16G56C46S5),9.999.000,+0%,,,,https://www.anphatpc.com.vn/ram-laptop-crucial-16gb-ddr5-bus-5600mhz-ct16g56c46s5.html
An Phát Computer (Hà Nội),RAM Laptop,Ram laptop Kingston 16GB DDR4 bus 3200 (KVR32S22D8/16WP),9.999.000,+0%,,,,https://www.anphatpc.com.vn/ram-laptop-kingston-16gb-ddr4-bus-3200-kvr32s22d8/16wp.html
An Phát Computer (Hà Nội),RAM Laptop,Ram laptop Kingston 8GB DDR4 bus 3200 (KVR32S22S8/8WP),4.999.000,+0%,,,,https://www.anphatpc.com.vn/ram-laptop-kingston-8gb-ddr4-bus-3200-kvr32s22s8/8wp.html
An Phát Computer (Hà Nội),RAM Laptop,Ram laptop 8GB DDR5 4800MHz OEM,2.999.000,+0%,,,,https://www.anphatpc.com.vn/ram-laptop-8gb-ddr5-4800mhz-oem.html
An Phát Computer (Hà Nội),RAM Laptop,Ram Laptop Team Elite 8G DDR4 bus 3200MHz,4.999.000,+0%,,,,https://www.anphatpc.com.vn/ram-laptop-team-elite-8g-ddr4-bus-3200mhz.html
An Phát Computer (Hà Nội),RAM Laptop,Ram Laptop Kingmax 16GB bus 2666MHz,1.699.000,+0%,,,,https://www.anphatpc.com.vn/ram-laptop-kingmax-16gb-bus-2666mhz_id30740.html
An Phát Computer (Hà Nội),RAM Laptop,Ram laptop Kingston 8GB DDR4 bus 3200 MHz,4.999.000,+0%,,,,https://www.anphatpc.com.vn/ram-kingston-8gb-ddr4-3200-s22-1rx8-sodimm-kvr32s22s8-8_id33196.html
An Phát Computer (Hà Nội),RAM Laptop,Ram laptop Kingston 16GB DDR4 bus 3200,9.999.000,+0%,,,,https://www.anphatpc.com.vn/ram-kingston-16gb-ddr4-3200-s22-1rx8-sodimm-kvr32s22d8-16.html
An Phát Computer (Hà Nội),RAM Laptop,Ram laptop GSKILL 8GB DDR4-3200 (F4-3200C22S-8GRS),4.999.000,+0%,,,,https://www.anphatpc.com.vn/ram-laptop-gskill-8gb-ddr4-3200-f4-3200c22s-8grs_id39825.html
An Phát Computer (Hà Nội),RAM Laptop,Ram laptop Crucial 8GB DDR5 bus 4800Mhz CL40 (CT8G48C40S5),5.999.000,+0%,,,,https://www.anphatpc.com.vn/ram-laptop-crucial-8gb-ddr5-bus-4800mhz-cl40-ct8g48c40s5.html
An Phát Computer (Hà Nội),RAM Laptop,Ram laptop Crucial 16GB DDR5 bus 4800Mhz CL40 (CT16G48C40S5),9.999.000,+0%,,,,https://www.anphatpc.com.vn/ram-laptop-crucial-16gb-ddr5-bus-4800mhz-cl40-ct16g48c40s5.html
An Phát Computer (Hà Nội),RAM Laptop,Ram laptop Crucial 32GB DDR5 bus 4800Mhz CL40 (CT32G48C40S5),19.999.000,+0%,,,,https://www.anphatpc.com.vn/ram-laptop-crucial-32gb-ddr5-bus-4800mhz-cl40-ct32g48c40s5.html
An Phát Computer (Hà Nội),RAM Laptop,Ram laptop Team Group 16GB DDR4 bus 3200Mhz,9.999.000,+0%,,,,https://www.anphatpc.com.vn/ram-laptop-team-group-16gb-ddr4-bus-3200mhz.html
An Phát Computer (Hà Nội),RAM Laptop,Ram laptop Adata 8GB DDR4 bus 3200,999.000,+0%,,,,https://www.anphatpc.com.vn/ram-laptop-adata-8gb-bus-3200-ad4s32008g22-sgn.html
An Phát Computer (Hà Nội),RAM Laptop,Ram laptop Gskill 32GB DDR4 bus 3200,3.399.000,+0%,,,,https://www.anphatpc.com.vn/ram-laptop-gskill-32gb-ddr4-bus-3200.html
An Phát Computer (Hà Nội),RAM Laptop,Ram laptop Crucial 32GB DDR5 bus 5200 (CT32G52C42S5),3.999.000,+0%,,,,https://www.anphatpc.com.vn/ram-laptop-crucial-32gb-ddr5-bus-5200-ct32g52c42s5.html
An Phát Computer (Hà Nội),RAM Laptop,Ram laptop PNY XLR8 8GB DDR4 3200 (MN8GSD43200XR-RB),2.499.000,+0%,,,,https://www.anphatpc.com.vn/ram-laptop-pny-xlr8-8gb-ddr4-3200-mn8gsd43200xr-rb.html
An Phát Computer (Hà Nội),RAM Laptop,Ram laptop Crucial 32GB DDR5 bus 5600 (CT32G56C46S5),28.999.000,+0%,,,,https://www.anphatpc.com.vn/ram-laptop-crucial-32gb-ddr5-bus-5600-ct32g56c46s5.html
An Phát Computer (Hà Nội),SSD,Ổ cứng Seagate Skyhawk AI 8TB 3.5'' ST8000VE001 (Chuyên dụng cho Camera),15.999.000,+0%,,,,https://www.anphatpc.com.vn/o-cung-seagate-skyhawk-ai-8-tb-3.5-st8000ve001-chuyen-dung-cho-camera_id39884.html
An Phát Computer (Hà Nội),SSD,Ổ cứng Western Digital Enterprise Ultrastar HA340 8TB 7200RPM 256MB- WUS721208BLE6L4,13.999.000,+0%,,,,https://www.anphatpc.com.vn/o-cung-western-digital-enterprise-ultrastar-ha340-8tb-7200rpm-256mb-wus721208ble6l4.html
An Phát Computer (Hà Nội),SSD,Ổ Cứng Western Digital Purple 8TB 256MB Cache WD85PURZ,12.999.000,+0%,,,,https://www.anphatpc.com.vn/o-cung-western-digital-purple-8tb-256mb-cache-wd85purz.html
An Phát Computer (Hà Nội),SSD,Ổ cứng SSD TeamGroup VULCAN Z QLC 1TB 2.5 inch SATA III,4.990.000,+0%,,,,https://www.anphatpc.com.vn/o-cung-ssd-teamgroup-vulcan-z-qlc-1tb-2.5-inch-sata-iii.html
An Phát Computer (Hà Nội),SSD,Ổ cứng SSD Kingston SKC600 512GB SATA 3.0 (SKC600/512G),4.999.000,+0%,,,,https://www.anphatpc.com.vn/o-cung-ssd-kingston-skc600-512gb-sata-3.0-skc600512g_id31260.html
An Phát Computer (Hà Nội),SSD,Ổ Cứng Western Digital Purple Pro 10TB 3.5 inch SATA 3 512MB Cache 7200RPM WD102PURP,15.999.000,+0%,,,,https://www.anphatpc.com.vn/o-cung-western-digital-purple-pro-10tb-3.5-inch-sata-3-512mb-cache-7200rpm-wd102purp.html
An Phát Computer (Hà Nội),SSD,Ổ Cứng Western Digital Purple 6TB 256MB Cache (WD64PURZ),8.999.000,+0%,,,,https://www.anphatpc.com.vn/o-cung-western-digital-purple-6tb-256mb-cache-wd64purz.html
An Phát Computer (Hà Nội),SSD,"Ổ cứng SSD Samsung 870 EVO 500GB 2.5"" SATA 3 (MZ-77E500BW)",8.999.000,+0%,,,,https://www.anphatpc.com.vn/o-cung-ssd-samsung-870-evo-500gb-2.5-quot-sata-3-mz-77e500bw_id36410.html
An Phát Computer (Hà Nội),SSD,Ổ cứng SSD Apacer 256GB AS2280P4 M.2 NVMe PCIe Gen 3 x4 (AP256GAS2280P4-1),1.999.000,+0%,,,,https://www.anphatpc.com.vn/o-cung-ssd-apacer-256gb-as2280p4-m.2-pcie-gen-3-x4-ssd_id38668.html
An Phát Computer (Hà Nội),SSD,Ổ cứng Western Digital Red Plus 4TB 3.5 inch 128MB Cache 5400RPM WD40EFZZ,7.999.000,+0%,,,,https://www.anphatpc.com.vn/o-cung-western-digital-red-plus-4tb-3.5-inch-128mb-cache-5400rpm-wd40efzz.html
An Phát Computer (Hà Nội),SSD,Ổ cứng Western Digital Red Plus 8TB 3.5 inch 256MB cache 5640RPM WD80EFPX,12.999.000,+0%,,,,https://www.anphatpc.com.vn/o-cung-western-digital-red-plus-8tb-3.5-inch-256mb-cache-5640rpm-wd80efpx.html
An Phát Computer (Hà Nội),SSD,Ổ cứng SSD Samsung 990 EVO Plus 1TB M.2 NVMe M.2 2280 PCIe Gen4.0 x4/5.0 x2 MZ-V9S1T0BW,8.999.000,+0%,,,,https://www.anphatpc.com.vn/o-cung-ssd-samsung-990-evo-plus-1tb-m.2-nvme-m.2-2280-pcie-gen4.0-x4/5.0-x2-mz-v9s1t0bw.html
An Phát Computer (Hà Nội),SSD,Ổ cứng SSD Samsung 980 500GB M.2 NVMe PCIe Gen 3.0 x4 MZ-V8V500BW,7.999.000,+0%,,,,https://www.anphatpc.com.vn/o-cung-ssd-samsung-980-500gb-m.2-nvme-pcie-gen-3.0-x4-mz-v8v500bw_id37441.html
An Phát Computer (Hà Nội),SSD,Ổ cứng SSD Samsung 990 PRO 1TB M.2 NVMe M.2 2280 PCIe Gen4.0 x4 MZ-V9P1T0BW,9.999.000,+0%,,,,https://www.anphatpc.com.vn/o-cung-ssd-samsung-990-pro-1tb-m.2-nvme-m.2-2280-pcie-gen4.0-x4-mz-v9p1t0bw.html
An Phát Computer (Hà Nội),SSD,"Ổ cứng SSD Samsung 870 EVO 1TB 2.5"" SATA 3 (MZ-77E1T0BW)",7.999.000,+0%,,,,https://www.anphatpc.com.vn/o-cung-ssd-samsung-870-evo-1tb-2.5-quot-sata-3-mz-77e1t0bw_id36411.html
An Phát Computer (Hà Nội),SSD,Ổ cứng SSD Kingston KC3000 1024GB NVMe PCIe Gen 4.0 ( SKC3000S/1024G ),7.999.000,+0%,,,,https://www.anphatpc.com.vn/o-cung-ssd-kingston-kc3000-1024gb-nvme-pcie-gen-4.0-kc3000s-1024g.html
An Phát Computer (Hà Nội),SSD,Ổ cứng SSD Samsung 9100 PRO 1TB M.2 NVMe M.2 2280 PCIe Gen5.0 x4 MZ-VAP1T0BW,9.999.000,+0%,,,,https://www.anphatpc.com.vn/o-cung-ssd-samsung-9100-pro-1tb-m.2-nvme-m.2-2280-pcie-gen5.0-x4-mz-vap1t0bw.html
An Phát Computer (Hà Nội),SSD,Ổ cứng SSD WD Blue SN5100 1TB NVMe PCIe Gen4 x4 WDS100T5B0E,7.999.000,+0%,,,,https://www.anphatpc.com.vn/o-cung-ssd-wd-blue-sn5100-1tb-nvme-pcie-gen4-x4-wds100t5b0e.html
An Phát Computer (Hà Nội),SSD,Ổ cứng SSD AirDisk S10 256GB 2.5 inch Sata 3 - ANSS10X256G-RNNNG,1.999.000,,,,,https://www.anphatpc.com.vn/o-cung-ssd-airdisk-s10-256gb-2.5-inch-sata-3-anss10x256g-rnnng.html
An Phát Computer (Hà Nội),SSD,Ổ cứng SSD TeamGroup 512G MP33 M.2 PCIe Gen3x4,2.999.000,,,,,https://www.anphatpc.com.vn/o-cung-ssd-teamgroup-512g-mp33-m.2-pcie-gen3x4.html
An Phát Computer (Hà Nội),Laptop,Laptop ASUS TUF Gaming F16 FX608JHI-TU209W (Intel Core i7 Processor 14650HX | RTX 5050 | 16 inch FHD+ 144Hz | 16GB | 512GB | Win 11 | Xám),42.990.000,+0%,,,,https://www.anphatpc.com.vn/laptop-asus-tuf-gaming-f16-fx608jhi-tu209w.html
An Phát Computer (Hà Nội),Laptop,Ổ cứng: 512GB PCIe® 4.0 NVMe™ M.2 SSD,42.990.000,+0%,,,,
An Phát Computer (Hà Nội),Laptop,Laptop Lenovo Legion 5 15IRX10 83LY00HRVN (Intel Core i7-13650HX | RTX 5050 8GB | 15.3 inch WUXGA 165Hz | 16GB | 512GB | Win 11 | Office | Đen),36.990.000,+0%,,,,https://www.anphatpc.com.vn/laptop-lenovo-legion-5-15irx10-83ly00hrvn.html
An Phát Computer (Hà Nội),Laptop,Ổ cứng: 512GB SSD M.2 2242 PCIe® 4.0x4 NVMe,36.990.000,+0%,,,,
An Phát Computer (Hà Nội),Laptop,Laptop Gigabyte Gaming A16 CMHI2VN893SH (Intel Core i7-13620H | RTX 4050 6GB | 16GB | 512GB | 16 inch WUXGA 165Hz | Win 11),32.990.000,+0%,,,,https://www.anphatpc.com.vn/laptop-gigabyte-gaming-a16-cmhi2vn893sh.html
An Phát Computer (Hà Nội),Laptop,Laptop ASUS Gaming V16 V3607VJ-TK189W (Intel Core 5 210H | RTX 3050 6GB | 16-inch WUXGA | 16GB | 512GB | Windows 11 | Đen),32.990.000,+0%,,,,https://www.anphatpc.com.vn/laptop-asus-gaming-v16-v3607vj-tk189w.html
An Phát Computer (Hà Nội),Laptop,Ổ cứng: 512GB M.2 NVMe™ PCIe® 4.0 SSD,32.990.000,+0%,,,,
An Phát Computer (Hà Nội),Laptop,Laptop Lenovo IdeaPad Slim 3 14IWC11 83RQ002PVN (Intel Core 5 320 | Intel Graphics | 14 inch WUXGA IPS | 8GB | 512GB | Win 11 | Xám),22.990.000,+17.4%,,,,https://www.anphatpc.com.vn/laptop-lenovo-ideapad-slim-3-14iwc11-83rq002pvn.html
An Phát Computer (Hà Nội),Laptop,Laptop HP 250R G10 C3SH7AT (Intel Core 5 120U | 16GB | 512GB | Intel Graphics | 15.6 inch FHD IPS | Win 11 | Bạc),27.990.000,+0%,,,,https://www.anphatpc.com.vn/laptop-hp-250r-g10-c3sh7at.html
An Phát Computer (Hà Nội),Laptop,Laptop Acer Nitro ANV15-41-R732 NH.QPESV.005 (AMD Ryzen 5 6600H | RTX 4050 6GB | 15.6 inch FHD | 16GB | 512GB | Windows 11 Home SL | Đen),30.990.000,+0%,,,,https://www.anphatpc.com.vn/laptop-acer-nitro-anv15-41-r732-nh.qpesv.005.html
An Phát Computer (Hà Nội),Laptop,Ổ cứng: 512GB PCIe NVMe SSD,30.990.000,+0%,,,,
An Phát Computer (Hà Nội),Laptop,Laptop Acer Aspire Go 15 AG15-72P-54GY NX.JRRSV.002 (Intel Core 5 processor 120U | 16GB | 512GB | Intel UHD | 15.6 inch FHD 60Hz | Win 11 | Bạc),18.990.000,+0%,,,,https://www.anphatpc.com.vn/laptop-acer-aspire-go-15-ag15-72p-54gy-nx.jrrsv.002.html
An Phát Computer (Hà Nội),Laptop,Laptop Dell 15 DC15250-i5U165W11SLU-5 (Intel Core i5-1334U | 16GB | 512GB | Intel Graphics | 15.6 inch FHD | Win 11 | Office | Bạc),24.990.000,+0%,,,,https://www.anphatpc.com.vn/laptop-dell-15-dc15250-i5u165w11slu-5.html
An Phát Computer (Hà Nội),Laptop,Laptop HP 250R G9 B93H2AT (Intel Core i5-1334U | 8GB | 512GB | Intel Graphics | 15.6 inch FHD | Win 11 | Bạc tro sẫm),21.990.000,+0%,,,,https://www.anphatpc.com.vn/laptop-hp-250r-g9-b93h2at.html
An Phát Computer (Hà Nội),Laptop,Laptop MSI Cyborg 15 B2RWEKG - 402VN (Intel Core 5 210H | RTX 5050 8GB | 15.6 inch FHD 144Hz | 16GB | 512GB | Win 11 | Đen),29.990.000,+0%,,,,https://www.anphatpc.com.vn/laptop-msi-cyborg-15-b2rwekg-402vn.html
An Phát Computer (Hà Nội),Laptop,Ổ cứng: 512GB NVMe PCIe SSD Gen4x4 w/o DRAM,29.990.000,+0%,,,,
An Phát Computer (Hà Nội),Laptop,Laptop ASUS Vivobook Go 14 E1404FA-EB935W (AMD Mendocino R5 | AMD Radeon Graphics | 14.0-inch FHD | 16GB | 512GB | Windows 11 | Bạc),19.990.000,+0%,,,,https://www.anphatpc.com.vn/laptop-asus-vivobook-go-14-e1404fa-eb935w.html
An Phát Computer (Hà Nội),Laptop,Ổ cứng: 512GB M.2 NVMe™ PCIe® 3.0 SSD,19.990.000,+0%,,,,
An Phát Computer (Hà Nội),Laptop,Laptop Dell 15 DC15250 71092479 (Intel Core i5-1334U | 16GB | 512GB | Intel Graphics | 15.6 inch FHD | Win 11 | Office | Bạc),25.990.000,,,,,https://www.anphatpc.com.vn/laptop-dell-15-dc15250-71092479.html
An Phát Computer (Hà Nội),Laptop,Laptop MSI Modern 14 F1MG-432VN (Intel Core 5 120U | 16GB | 512GB | Intel Graphics | 14 inch FHD | Win 11 | Bạc),24.990.000,,,,,https://www.anphatpc.com.vn/may-tinh-xach-tay-msi-modern-14-f1mg-432vn.html
An Phát Computer (Hà Nội),Laptop,Laptop Dell 16 DC16251 DC6C7557W1 (Intel Core 7 150U | 16GB | 1TB | Nvidia GT 2GB MX570A | 16 inch FHD+ | Win 11 | Office | Bạc),38.990.000,+5.4%,,,,https://www.anphatpc.com.vn/laptop-dell-16-dc16251-dc6c7557w1.html
An Phát Computer (Hà Nội),Laptop,Laptop MSI Cyborg 15 C13WEO-417VN (Intel Core i7-13620H | RTX 5050 8GB | 15.6 inch FHD 144Hz | 16GB | 512GB | Win 11 | Xám),36.990.000,,,,,https://www.anphatpc.com.vn/laptop-msi-cyborg-15-c13weo-417vn.html
An Phát Computer (Hà Nội),Laptop,Ổ cứng: 512GB NVMe PCIe Gen4x4 SSD,36.990.000,,,,,
An Phát Computer (Hà Nội),Laptop,Laptop MSI Cyborg 15 Black Edition A13VEO-2608VN (Intel Core i7-13620H | RTX 4050 6GB | 15.6 inch FHD 144Hz | 16GB | 512GB | Win 11 | Đen),34.890.000,,,,,https://www.anphatpc.com.vn/laptop-msi-cyborg-15-black-edition-a13veo-2608vn.html
An Phát Computer (Hà Nội),HDD,Kích thước: 3.5 inch,12.999.000,-7.1%,,,,
An Phát Computer (Hà Nội),HDD,Kết nối : SATA 3 6.0Gb/s,6.999.000,+0%,,,,
An Phát Computer (Hà Nội),HDD,Ổ cứng Seagate Skyhawk AI 8TB 3.5'' ST8000VE001 (Chuyên dụng cho Camera),15.999.000,+0%,,,,https://www.anphatpc.com.vn/o-cung-seagate-skyhawk-ai-8-tb-3.5-st8000ve001-chuyen-dung-cho-camera_id39884.html
An Phát Computer (Hà Nội),HDD,Ổ cứng Western Digital Enterprise Ultrastar HA340 8TB 7200RPM 256MB- WUS721208BLE6L4,13.999.000,+0%,,,,https://www.anphatpc.com.vn/o-cung-western-digital-enterprise-ultrastar-ha340-8tb-7200rpm-256mb-wus721208ble6l4.html
An Phát Computer (Hà Nội),HDD,Ổ Cứng Western Digital Purple 8TB 256MB Cache WD85PURZ,12.999.000,+0%,,,,https://www.anphatpc.com.vn/o-cung-western-digital-purple-8tb-256mb-cache-wd85purz.html
An Phát Computer (Hà Nội),HDD,Ổ cứng Western Digital Caviar Blue 2TB 256MB Cache 7200rpm ( WD20EZBX),5.999.000,+0%,,,,https://www.anphatpc.com.vn/o-cung-western-digital-caviar-blue-2tb-256mb-cache-7200rpm-wd20ezbx.html
An Phát Computer (Hà Nội),HDD,Ổ cứng Seagate Barracuda 2TB 256MB cache (ST2000DM008),5.999.000,+0%,,,,https://www.anphatpc.com.vn/o-cung-seagate-barracuda-2tb-256mb-cache-st2000dm008.html
An Phát Computer (Hà Nội),HDD,Ổ Cứng Western Digital Purple Pro 10TB 3.5 inch SATA 3 512MB Cache 7200RPM WD102PURP,15.999.000,+0%,,,,https://www.anphatpc.com.vn/o-cung-western-digital-purple-pro-10tb-3.5-inch-sata-3-512mb-cache-7200rpm-wd102purp.html
An Phát Computer (Hà Nội),HDD,Ổ Cứng Western Digital Purple 6TB 256MB Cache (WD64PURZ),8.999.000,+0%,,,,https://www.anphatpc.com.vn/o-cung-western-digital-purple-6tb-256mb-cache-wd64purz.html
An Phát Computer (Hà Nội),HDD,Ổ cứng WD Caviar Blue 1TB 64MB Cache 5400 RPM (WD10EARZ),3.999.000,+0%,,,,https://www.anphatpc.com.vn/o-cung-wd-caviar-blue-1tb-64mb-cache-5400-rpm-wd10earz.html
An Phát Computer (Hà Nội),HDD,Ổ cứng Western Digital Red Plus 4TB 3.5 inch 128MB Cache 5400RPM WD40EFZZ,7.999.000,+0%,,,,https://www.anphatpc.com.vn/o-cung-western-digital-red-plus-4tb-3.5-inch-128mb-cache-5400rpm-wd40efzz.html
An Phát Computer (Hà Nội),HDD,Ổ cứng Western Digital Red Plus 8TB 3.5 inch 256MB cache 5640RPM WD80EFPX,12.999.000,+0%,,,,https://www.anphatpc.com.vn/o-cung-western-digital-red-plus-8tb-3.5-inch-256mb-cache-5640rpm-wd80efpx.html
An Phát Computer (Hà Nội),HDD,Ổ cứng Seagate Barracuda 4TB ST4000DM004,4.999.000,+0%,,,,https://www.anphatpc.com.vn/seagate-barracuda-4tb-7200rpm-64mb-cache-sata-60gbs-st4000dm000.html
An Phát Computer (Hà Nội),HDD,- Kích thước: 3.5Inch,4.999.000,+0%,,,,
An Phát Computer (Hà Nội),HDD,Ổ cứng Seagate Skyhawk 1TB ST1000VX013 SATA 5900RPM 64MB cache,3.999.000,+0%,,,,https://www.anphatpc.com.vn/o-cung-seagate-skyhawk-1tb-st1000vx013-sata-5900rpm-64mb-cache.html
An Phát Computer (Hà Nội),HDD,"Ổ cứng HDD gắn trong 3.5"" SATA Synology 12TB HAT3310-12T",18.300.000,+0%,,,,https://www.anphatpc.com.vn/o-cung-hdd-gan-trong-3.5-quot-sata-synology-12tb-hat3310-12t.html
An Phát Computer (Hà Nội),HDD,Ổ cứng HPE SSD 240GB 2.5' SATA RI SFF SC DS SSD (875503-B21),5.590.000,+0%,,,,https://www.anphatpc.com.vn/o-cung-hpe-ssd-240gb-2.5-sata-ri-sff-sc-ds-ssd-875503-b21_id37077.html
An Phát Computer (Hà Nội),HDD,Ổ cứng Toshiba S300 2TB 3.5 inch SATA III 5400rpm 128MB - HDWT720UZSVA,4.999.000,+25%,,,,https://www.anphatpc.com.vn/o-cung-toshiba-s300-2tb-3.5-inch-sata-iii-5400rpm-128mb-hdwt720uzsva.html
An Phát Computer (Hà Nội),HDD,"Ổ cứng HDD NAS Seagate Ironwolf Pro 10TB 3.5"" Sata3 7200 RPM, 256MB cache (ST10000NT001)",18.999.000,,,,,https://www.anphatpc.com.vn/o-cung-hdd-nas-seagate-ironwolf-pro-10tb-3.5-quot-sata3-7200-rpm-256mb-cache-st10000nt001.html
An Phát Computer (Hà Nội),HDD,Ổ cứng Western Digital Red Plus 2TB 3.5 inch 64MB Cache 5400RPM WD20EFPX,4.999.000,+0%,,,,https://www.anphatpc.com.vn/o-cung-western-digital-red-plus-2tb-3.5-inch-64mb-cache-5400rpm-wd20efpx.html
An Phát Computer (Hà Nội),HDD,Ổ cứng Seagate Skyhawk 4TB 3.5'' ST4000VX016 (Chuyên dụng cho Camera),5.999.000,+0%,,,,https://www.anphatpc.com.vn/o-cung-seagate-skyhawk-4tb-3.5-st4000vx016-chuyen-dung-cho-camera.html
An Phát Computer (Hà Nội),HDD,Ổ cứng Synology HAT5300-16T 16TB 3.5” Enterprise-Grade SATA HDD HAT5300-16T,26.900.000,+0%,,,,https://www.anphatpc.com.vn/o-cung-synology-hat5300-16t-16tb-3.5-enterprise-grade-sata-hdd-hat5300-16t.html
An Phát Computer (Hà Nội),HDD,Ổ cứng Western Digital Purple 2TB 64MB Cache 5400RPM WD23PURZ,5.999.000,+0%,,,,https://www.anphatpc.com.vn/o-cung-western-digital-purple-2tb-64mb-cache-5400rpm-wd23purz.html
An Phát Computer (Hà Nội),HDD,Ổ cứng HDD Seagate Exos X24 16TB Standard 512e/4Kn SATA 6Gb/s 7200 RPM 512MB 3.5in – ST16000NM002H,32.999.000,+0%,,,,https://www.anphatpc.com.vn/o-cung-seagate-exos-x24-16tb-standard-st16000nm002h.html
An Phát Computer (Hà Nội),VGA - Card màn hình,VGA ASUS Prime RTX 5050 8GB GDDR6 OC Edition (PRIME-RTX5050-O8G),9.999.000,+0%,,,,https://www.anphatpc.com.vn/vga-asus-prime-rtx-5050-8gb-gddr6-oc-edition-prime-rtx5050-o8g.html
An Phát Computer (Hà Nội),VGA - Card màn hình,VGA Asus Dual RX 9060 XT 16GB GDDR6 (DUAL RX9060XT-16G),17.999.000,+0%,,,,https://www.anphatpc.com.vn/vga-asus-dual-rx-9060-xt-16gb-gddr6-dual-rx9060xt-16g.html
An Phát Computer (Hà Nội),VGA - Card màn hình,VGA Asus DUAL RTX 3050 6GB (DUAL-RTX3050-6G),7.999.000,+0%,,,,https://www.anphatpc.com.vn/vga-asus-dual-rtx-3050-6gb-dual-rtx3050-6g.html
An Phát Computer (Hà Nội),VGA - Card màn hình,VGA Asus TUF GAMING RTX 5070 Ti 16G GDDR7 WHITE OC (TUF-RTX5070TI-WHITE-GAMING),39.999.000,+0%,,,,https://www.anphatpc.com.vn/vga-asus-tuf-gaming-rtx-5070-ti-16g-gddr7-white-oc.html
An Phát Computer (Hà Nội),VGA - Card màn hình,VGA Asus TUF GAMING RTX 5090 32GB GDDR7 OC (TUF-RTX5090-O32G-GAMING),199.999.000,+0%,,,,https://www.anphatpc.com.vn/vga-asus-tuf-rtx-5090-32gb-gddr7-oc.html
An Phát Computer (Hà Nội),VGA - Card màn hình,VGA ASUS Dual RTX 5050 8GB GDDR6 OC Edition (DUAL-RTX5050-O8G),9.999.000,+0%,,,,https://www.anphatpc.com.vn/vga-asus-dual-rtx-5050-8gb-gddr6-oc-edition-dual-rtx5050-o8g.html
An Phát Computer (Hà Nội),VGA - Card màn hình,VGA ASUS PRIME RTX 5060 Ti 16GB GDDR7 (PRIME-RTX5060TI-16G),21.999.000,+0%,,,,https://www.anphatpc.com.vn/vga-asus-prime-rtx-5060-ti-16gb-gddr7-prime-rtx5060ti-16g.html
An Phát Computer (Hà Nội),VGA - Card màn hình,VGA Asus ROG Astral RTX 5080 16GB GDDR7 OC (ROG-ASTRAL-RTX5080-O16G-GAMING),59.999.000,+0%,,,,https://www.anphatpc.com.vn/vga-asus-rog-astral-rtx-5080-16gb-gddr7-oc.html
An Phát Computer (Hà Nội),VGA - Card màn hình,VGA Asus ROG Astral RTX 5090 32GB GDDR7 OC (ROG-ASTRAL-RTX5090-O32G-GAMING),139.999.000,+0%,,,,https://www.anphatpc.com.vn/vga-asus-rog-astral-rtx-5090-32gb-gddr7-oc.html
An Phát Computer (Hà Nội),VGA - Card màn hình,VGA ASUS Dual RTX 5060 8GB GDDR7 OC (DUAL-RTX5060-O8G),11.999.000,+0%,,,,https://www.anphatpc.com.vn/vga-asus-dual-rtx-5060-8gb-gddr7-oc-dual-rtx5060-o8g.html
An Phát Computer (Hà Nội),VGA - Card màn hình,VGA Asus Prime RTX 5070 Ti 16GB GDDR7 (PRIME-RTX5070TI-16G),37.999.000,+0%,,,,https://www.anphatpc.com.vn/vga-asus-prime-rtx-5070-ti-16gb-gddr7.html
An Phát Computer (Hà Nội),VGA - Card màn hình,VGA ASUS Dual RTX 5060 Ti 8GB GDDR7 OC (DUAL-RTX5060TI-O8G),17.999.000,+0%,,,,https://www.anphatpc.com.vn/vga-asus-dual-rtx-5060-ti-8gb-gddr7-oc-dual-rtx5060ti-o8g.html
An Phát Computer (Hà Nội),VGA - Card màn hình,VGA ASUS Dual RTX 5060 8GB GDDR7 OC - A (DUAL-RTX5060-O8G-A),11.999.000,+0%,,,,https://www.anphatpc.com.vn/vga-asus-dual-rtx-5060-8gb-gddr7-oc.html
An Phát Computer (Hà Nội),VGA - Card màn hình,VGA Colorful iGame RTX 5080 Ultra White OC 16GB,49.999.000,+0%,,,,https://www.anphatpc.com.vn/vga-colorful-igame-rtx-5080-ultra-white-oc-16gb.html
An Phát Computer (Hà Nội),VGA - Card màn hình,VGA Gigabyte RTX 5050 WINDFORCE OC 8GB (N5050WF2OC-8GD),10.999.000,,,,,https://www.anphatpc.com.vn/vga-gigabyte-rtx-5050-windforce-oc-8gb-n5050wf2oc-8gd.html
An Phát Computer (Hà Nội),VGA - Card màn hình,VGA ASUS T1 GeForce RTX 5070 12GB GDDR7 OC Edition (T1-RTX5070-O12G-GAMING),29.899.000,+0%,,,,https://www.anphatpc.com.vn/vga-asus-t1-rtx5070-o12g-gaming.html
An Phát Computer (Hà Nội),VGA - Card màn hình,VGA MSI Geforce RTX 5060 8G VENTUS 2X OC V1,12.899.000,+0%,,,,https://www.anphatpc.com.vn/vga-msi-geforce-rtx-5060-8g-ventus-2x-oc-v1.html
An Phát Computer (Hà Nội),VGA - Card màn hình,VGA MSI GeForce RTX 5070 12G SHADOW 2X OC,32.999.000,+0%,,,,https://www.anphatpc.com.vn/vga-msi-geforce-rtx-5070-12g-shadow-2x-oc.html
An Phát Computer (Hà Nội),VGA - Card màn hình,VGA Gigabyte RTX 5070 WINDFORCE OC SFF 12GB (N5070WF3OC-12GD),30.999.000,+0%,,,,https://www.anphatpc.com.vn/vga-gigabyte-rtx-5070-windforce-oc-sff-12gb-n5070wf3oc-12gd.html
An Phát Computer (Hà Nội),VGA - Card màn hình,VGA MSI RTX 5090 32GB LIGHTNING Z GDDR7 Limited Edition,299.999.000,+0%,,,,https://www.anphatpc.com.vn/vga-msi-rtx-5090-32gb-lightning-z-gddr7-limited-edition.html
An Phát Computer (Hà Nội),VGA - Card màn hình,VGA Gigabyte RTX 5070 Ti WINDFORCE OC SFF 16GB (N507TWF3OC-16GD),39.999.000,+0%,,,,https://www.anphatpc.com.vn/vga-gigabyte-rtx-5070-ti-windforce-oc-sff-16gb-n507twf3oc-16gd.html
An Phát Computer (Hà Nội),VGA - Card màn hình,VGA Gigabyte RTX 5070 Ti WINDFORCE SFF 16GB (N507TWF3-16GD),39.999.000,+0%,,,,https://www.anphatpc.com.vn/vga-gigabyte-rtx-5070-ti-windforce-sff-16gb-n507twf3-16gd.html
An Phát Computer (Hà Nội),VGA - Card màn hình,VGA MSI RTX 5060 Ti 16GB VENTUS 2X OC WHITE PLUS,19.990.000,+0%,,,,https://www.anphatpc.com.vn/vga-msi-rtx-5060-ti-16gb-ventus-2x-oc-white-plus.html
An Phát Computer (Hà Nội),Mainboard,Mainboard Asus TUF Gaming B760M-PLUS WIFI II DDR5,5.999.000,+0%,,,,https://www.anphatpc.com.vn/mainboard-asus-tuf-gaming-b760m-plus-wifi-ii-ddr5.html
An Phát Computer (Hà Nội),Mainboard,Mainboard MSI MPG B760I EDGE WIFI DDR5,5.999.000,+0%,,,,https://www.anphatpc.com.vn/mainboard-msi-mpg-b760i-edge-wifi-ddr5.html
An Phát Computer (Hà Nội),Mainboard,Mainboard Gigabyte B760M Aorus Elite WIFI6E GEN5 DDR5 (Bluetooth),5.999.000,+0%,,,,https://www.anphatpc.com.vn/mainboard-gigabyte-b760m-aorus-elite-wifi6e-gen5-ddr5-bluetooth.html
An Phát Computer (Hà Nội),Mainboard,Mainboard Gigabyte Z890 AORUS ELITE WIFI7 Plus DDR5 (Wifi+Bluetooth+Thunderbolt 4),8.999.000,+0%,,,,https://www.anphatpc.com.vn/mainboard-gigabyte-z890-aorus-elite-wifi7-plus-ddr5-wifi-bluetooth-thunderbolt-4.html
An Phát Computer (Hà Nội),Mainboard,Mainboard ASUS ROG STRIX Z790-A GAMING WIFI II DDR5,8.999.000,+0%,,,,https://www.anphatpc.com.vn/mainboard-asus-rog-strix-z790-a-gaming-wifi-ii-ddr5.html
An Phát Computer (Hà Nội),Mainboard,Mainboard Asus PRIME B760M-A DDR4,3.999.000,+0%,,,,https://www.anphatpc.com.vn/mainboard-asus-prime-b760m-a-ddr4.html
An Phát Computer (Hà Nội),Mainboard,Mainboard Asus TUF GAMING B760M-PLUS WIFI DDR4,4.999.000,+0%,,,,https://www.anphatpc.com.vn/mainboard-asus-tuf-gaming-b760m-plus-wifi-ddr4.html
An Phát Computer (Hà Nội),Mainboard,Mainboard MSI Pro Z790-P Wifi DDR4,5.999.000,+0%,,,,https://www.anphatpc.com.vn/mainboard-msi-pro-z790-p-wifi-ddr4.html
An Phát Computer (Hà Nội),Mainboard,Mainboard Gigabyte B760M Aorus Elite GEN5 DDR5,4.599.000,+0%,,,,https://www.anphatpc.com.vn/mainboard-gigabyte-b760m-aorus-elite-gen5-ddr5.html
An Phát Computer (Hà Nội),Mainboard,Mainboard ASROCK B550M Pro4,3.999.000,+0%,,,,https://www.anphatpc.com.vn/mainboard-asrock-b550m-pro4.html
An Phát Computer (Hà Nội),Mainboard,Mainboard Asus H810M-K DDR5,4.999.000,+0%,,,,https://www.anphatpc.com.vn/mainboard-asus-h810m-k-ddr5.html
An Phát Computer (Hà Nội),Mainboard,Mainboard Gigabyte B760M GAMING PLUS WIFI DDR4 (Bluetooth),3.599.000,+0%,,,,https://www.anphatpc.com.vn/mainboard-gigabyte-b760m-gaming-plus-wifi-ddr4.html
An Phát Computer (Hà Nội),Mainboard,Mainboard Asus B760M-AYW WIFI DDR4,3.499.000,+0%,,,,https://www.anphatpc.com.vn/mainboard-asus-b760m-ayw-wifi-ddr4.html
An Phát Computer (Hà Nội),Mainboard,Mainboard MSI B760M GAMING PLUS WIFI DDR4,4.999.000,+0%,,,,https://www.anphatpc.com.vn/mainboard-msi-b760m-gaming-plus-wifi-ddr4.html
An Phát Computer (Hà Nội),Mainboard,Mainboard Gigabyte Z790 D DDR4​,5.599.000,+0%,,,,https://www.anphatpc.com.vn/mainboard-gigabyte-z790-d-ddr4.html
An Phát Computer (Hà Nội),Mainboard,Mainboard Gigabyte B550M H ARGB,4.999.000,+0%,,,,https://www.anphatpc.com.vn/mainboard-gigabyte-b550m-h-argb.html
An Phát Computer (Hà Nội),Mainboard,Mainboard MSI Z790M GAMING PLUS WIFI DDR5,5.999.000,+0%,,,,https://www.anphatpc.com.vn/mainboard-msi-z790m-gaming-plus-wifi-ddr5.html
An Phát Computer (Hà Nội),Mainboard,Mainboard Gigabyte B760M H V2 DDR5,4.999.000,+0%,,,,https://www.anphatpc.com.vn/mainboard-gigabyte-b760m-h-v2-ddr5.html
An Phát Computer (Hà Nội),Mainboard,Mainboard ASUS PRIME H510M-K R2.0 (box),2.999.000,+0%,,,,https://www.anphatpc.com.vn/mainboard-asus-prime-h510m-k_id39164.html
An Phát Computer (Hà Nội),Mainboard,Mainboard DarkFlash H610M-VGD-V1,2.399.000,+0%,,,,https://www.anphatpc.com.vn/mainboard-darkflash-h610m-vgd-v1.html
An Phát Computer (Hà Nội),Mainboard,Mainboard ASUS B650M AYW WIFI CSM DDR5,3.999.000,+0%,,,,https://www.anphatpc.com.vn/mainboard-asus-b650m-ayw-wifi-csm-ddr5.html
An Phát Computer (Hà Nội),Mainboard,Mainboard Asus Prime H610M-K D4,2.399.000,+0%,,,,https://www.anphatpc.com.vn/mainboard-asus-prime-h610m-k-d4_id40447.html
An Phát Computer (Hà Nội),Mainboard,Mainboard Asus PRIME B760M-F DDR4,2.799.000,+0%,,,,https://www.anphatpc.com.vn/mainboard-asus-prime-b760m-f-ddr4.html
An Phát Computer (Hà Nội),Mainboard,Mainboard Asus PRIME B760M-K DDR4,5.999.000,,,,,https://www.anphatpc.com.vn/mainboard-asus-prime-b760m-k-ddr4.html
An Phát Computer (Hà Nội),PSU - Nguồn máy tính,Laptop ASUS TUF Gaming A15 FA506NCG-HN329W (AMD Ryzen™ 7 8845HS | RTX 3050 4GB | 15.6 inch FHD 144Hz | 16GB | 512GB | Win 11 | Đen),25.890.000,,,,,https://www.anphatpc.com.vn/laptop-asus-tuf-gaming-a15-fa506ncg-hn329w.html
An Phát Computer (Hà Nội),PSU - Nguồn máy tính,Laptop ASUS Gaming V16 V3607VJ-TK189W (Intel Core 5 210H | RTX 3050 6GB | 16-inch WUXGA | 16GB | 512GB | Windows 11 | Đen),25.790.000,-21.8%,,,,https://www.anphatpc.com.vn/laptop-asus-gaming-v16-v3607vj-tk189w.html
An Phát Computer (Hà Nội),PSU - Nguồn máy tính,Laptop ASUS TUF Gaming F16 FX608JHI-TU210W (Intel Core i5-14450HX | RTX 5050 8GB | 16 inch FHD + 144Hz | 16GB | 512GB | Win 11 | Xám),41.990.000,,,,,https://www.anphatpc.com.vn/laptop-asus-tuf-gaming-f16-fx608jhi-tu210w.html
An Phát Computer (Hà Nội),PSU - Nguồn máy tính,Laptop ASUS TUF Gaming F16 FX608JHI-TU209W (Intel Core i7 Processor 14650HX | RTX 5050 | 16 inch FHD+ 144Hz | 16GB | 512GB | Win 11 | Xám),37.990.000,-11.6%,,,,https://www.anphatpc.com.vn/laptop-asus-tuf-gaming-f16-fx608jhi-tu209w.html
An Phát Computer (Hà Nội),Màn hình,Màn Hình SAMSUNG LS24D300GAEXXV (24 inch - IPS - FHD - 5ms - 100Hz),2.999.000,+0%,,,,https://www.anphatpc.com.vn/man-hinh-samsung-ls24d300gaexxv.html
An Phát Computer (Hà Nội),Màn hình,Phân giải điểm ảnh: FHD (1920x1080),2.999.000,+0%,,,,
An Phát Computer (Hà Nội),Màn hình,Màn Hình Đồ Họa SAMSUNG ViewFinity S8 LS27B800PXEXXV (27.0 inch - 4K - IPS - 60Hz - 5ms - USB TypeC - Network RJ45),8.589.000,+0%,,,,https://www.anphatpc.com.vn/man-hinh-may-tinh-samsung-viewfinity-s8-ls27b800pxexxv-27-inch-4k-ips-60hz-usc-c-rj45.html
An Phát Computer (Hà Nội),Màn hình,Mật độ phân giải: 4K - UHD - 3840 x 2160,8.589.000,+0%,,,,
An Phát Computer (Hà Nội),Màn hình,Màn Hình ASUS VP227HF (21.45 inch - VA - FHD - 100Hz - 1ms),2.999.000,+0%,,,,https://www.anphatpc.com.vn/man-hinh-asus-vp227hf.html
An Phát Computer (Hà Nội),Màn hình,Phân giải điểm ảnh: FHD - 1920 x 1080,2.999.000,+0%,,,,
An Phát Computer (Hà Nội),Màn hình,Màn Hình Dell SE2725HG (27 inch - IPS - FHD - 200Hz - 1ms),4.599.000,+0%,,,,https://www.anphatpc.com.vn/man-hinh-dell-27-se2725hg.html
An Phát Computer (Hà Nội),Màn hình,Phân giải điểm ảnh: 1920 x 1080,4.599.000,+0%,,,,
An Phát Computer (Hà Nội),Màn hình,Màn Hình MSI PRO MP275 E14L (27 inch - IPS - FHD - 144Hz - 1ms - Speaker),3.999.000,+0%,,,,https://www.anphatpc.com.vn/man-hinh-msi-pro-mp275-e14l.html
An Phát Computer (Hà Nội),Màn hình,Màn Hình ViewSonic VA2432-H-2 (23.8 inch - IPS - FHD - 100Hz - 1ms),2.499.000,+0%,,,,https://www.anphatpc.com.vn/man-hinh-viewsonic-va2432-h-2.html
An Phát Computer (Hà Nội),Màn hình,Màn Hình Đồ Họa ASUS ProArt PA248QFV (24.1 inch - IPS - WUXGA - 100Hz - 5ms - Speaker),6.999.000,+0%,,,,https://www.anphatpc.com.vn/man-hinh-do-hoa-asus-proart-pa248qfv.html
An Phát Computer (Hà Nội),Màn hình,Màn Hình Di Động ASUS ZenScreen MB169CK (15.6 inch - IPS - FHD - 60Hz - 5ms - USB Type-C - Chân đế 360°),3.999.000,+0%,,,,https://www.anphatpc.com.vn/man-hinh-di-dong-asus-zenscreen-mb169ck-15.6-inch-ips-fhd-60hz-5ms-usb-type-c-chan-de-360.html
An Phát Computer (Hà Nội),Màn hình,Phân giải điểm ảnh: Full HD (1920 x 1080),3.999.000,+0%,,,,
An Phát Computer (Hà Nội),Màn hình,Màn Hình AOC 24B36X (23.8 inch - IPS - FHD - 144Hz - 0.5ms),2.999.000,,,,,https://www.anphatpc.com.vn/man-hinh-aoc-24b36x.html
An Phát Computer (Hà Nội),Màn hình,Màn Hình LG UltraGear 27G640A-B (27 inch - IPS - 2K - 300Hz - 1ms - Speaker),7.999.000,,,,,https://www.anphatpc.com.vn/man-hinh-lg-ultragear-27g640a-b.html
An Phát Computer (Hà Nội),Màn hình,Phân giải điểm ảnh: 2K - 2560 x 1440,7.999.000,,,,,
An Phát Computer (Hà Nội),Màn hình,Màn Hình Gaming LG UltraGear 45GX950A-B (44.5 inch - OLED - 165Hz - 0.03ms - Chế độ kép 5K 2K- Speaker - Cong),59.999.000,+0%,,,,https://www.anphatpc.com.vn/man-hinh-gaming-lg-ultragear-45gx950a-b.html
An Phát Computer (Hà Nội),Màn hình,Màn Hình Thông Minh Gaming LG UltraGear 34GX90SA-W (34 inch - OLED - WQHD - 240Hz - 0.03ms - Cong - Speaker),30.999.000,+0%,,,,https://www.anphatpc.com.vn/man-hinh-gaming-lg-ultragear-34gx90sa-w.html
An Phát Computer (Hà Nội),Màn hình,Màn Hình Gaming LG UltraGear G4 27G440A-B (27 inch - IPS - FHD - 240Hz - 1ms),4.999.000,,,,,https://www.anphatpc.com.vn/man-hinh-gaming-lg-ultragear-g4-27g440a-b.html
An Phát Computer (Hà Nội),Màn hình,Màn Hình LG UltraWide 29U531A-W (29 inch - IPS - WFHD - 100Hz - 5ms - USB TypeC - Speaker ),5.999.000,,,,,https://www.anphatpc.com.vn/man-hinh-lg-ultrawide-29u531a-w.html
An Phát Computer (Hà Nội),Màn hình,Phân giải điểm ảnh: WFHD - 2560 x 1080,5.999.000,,,,,
An Phát Computer (Hà Nội),Màn hình,Màn Hình SAMSUNG ViewFinity S9 5K LS27C900PAEXXV (27 inch - IPS - 5K - 60Hz - 5ms- Speaker - Webcam),29.990.000,,,,,https://www.anphatpc.com.vn/man-hinh-samsung-viewfinity-s9-5k-ls27c900paexxv.html
An Phát Computer (Hà Nội),Màn hình,Màn Hình ViewSonic VA2532-H (24.5 inch - IPS - FHD - 100Hz - 1ms),2.699.000,,,,,https://www.anphatpc.com.vn/man-hinh-viewsonic-va2532-h.html
An Phát Computer (Hà Nội),Màn hình,Màn Hình Gaming ViewSonic VX24G30 (23.8 inch - IPS - FHD - 240Hz - 0.8ms),4.999.000,,,,,https://www.anphatpc.com.vn/man-hinh-gaming-viewsonic-vx24g30.html
ThinkPro,RAM,"Lenovo ThinkPad X1 Carbon Gen 11 i7 1365U, 32GB, 512GB, FHD+",25.990.000,+0%,,,,https://thinkpro.vn/laptop/lenovo-thinkpad-x1-carbon-gen-11?skuId=11446
ThinkPro,RAM,RAM Laptop Samsung DDR4 8GB Bus 2666MHz,390.000,+0%,,,,https://thinkpro.vn/ram/ram-laptop-samsung-8gb-ddr4-2666mhz
ThinkPro,RAM,RAM Laptop Samsung DDR4 16GB Bus 3200MHz,990.000,+0%,,,,https://thinkpro.vn/ram/ram-laptop-samsung-16gb-ddr4-3200mhz
ThinkPro,RAM,RAM Laptop Samsung DDR4 32GB Bus 3200MHz,2.999.000,+0%,,,,https://thinkpro.vn/ram/ram-laptop-samsung-ddr4-32gb-bus-3200mhz
ThinkPro,RAM,RAM Laptop Micron DDR4 16GB Bus 3200MHz,990.000,+0%,,,,https://thinkpro.vn/ram/ram-laptop-micron-16gb-ddr4-3200mhz
ThinkPro,RAM,RAM Laptop Skhynix DDR4 32GB Bus 3200MHz,1.990.000,+0%,,,,https://thinkpro.vn/ram/ram-laptop-skhynix-ddr4-32gb-bus-3200mhz
ThinkPro,RAM,RAM Laptop Samsung DDR5 8GB Bus 5600MHz,990.000,+0%,,,,https://thinkpro.vn/ram/ram-laptop-samsung-ddr5-8gb-bus-5600mhz
ThinkPro,RAM,RAM Laptop Kingston DDR5 32GB Bus 4800MHz,2.790.000,+0%,,,,https://thinkpro.vn/ram/ram-laptop-kingston-ddr5-32gb-bus-4800mhz
ThinkPro,RAM,RAM Laptop Skhynix DDR5 8GB Bus 4800MHz,890.000,+0%,,,,https://thinkpro.vn/ram/ram-laptop-skhynix-ddr5-8gb-bus-4800mhz
ThinkPro,RAM,Ram Laptop SK Hynix 32GB DDR5 5600Mhz,4.990.000,+0%,,,,https://thinkpro.vn/ram/ram-laptop-sk-hynix-32gb-ddr5-5600mhz
ThinkPro,RAM,RAM Laptop Skhynix DDR4 16GB Bus 2400MHz,690.000,+0%,,,,https://thinkpro.vn/ram/ram-laptop-sk-hynix-16gb-ddr4-2400mhz
ThinkPro,RAM,RAM Laptop Crucial DDR5 32GB/64GB Bus 5600MHz,8.990.000,+0%,,,,https://thinkpro.vn/ram/ram-laptop-crucial-32gb-ddr5
ThinkPro,RAM,Ram Laptop Kingston 8Gb KVR32S22S8/S6,2.390.000,+0%,,,,https://thinkpro.vn/ram/ram-laptop-kingston-8gb-kvr32s22s8s6
ThinkPro,RAM,Ram Laptop Kingston 8Gb KVR56S46BS6-8,3.990.000,+0%,,,,https://thinkpro.vn/ram/ram-laptop-kingston-8gb-kvr56s46bs6-8
ThinkPro,RAM,Ram Laptop Kingston 16Gb KVR32S22D8/S8,4.190.000,+0%,,,,https://thinkpro.vn/ram/ram-laptop-kingston-16gb-kvr32s22d8s8
ThinkPro,RAM,Ram Laptop Kingston 8Gb KCP556SS6-8,3.790.000,+0%,,,,https://thinkpro.vn/ram/ram-laptop-kingston-8gb-kcp556ss6-8
ThinkPro,RAM,Ram Laptop Kingston 8Gb KCP432SS8/8,2.599.000,+0%,,,,https://thinkpro.vn/ram/ram-laptop-kingston-8gb-kcp432ss88
ThinkPro,RAM,Ram Laptop Kingston 32Gb KCP556SD8,12.390.000,+0%,,,,https://thinkpro.vn/ram/ram-laptop-kingston-32gb-kcp556sd8
ThinkPro,RAM,Ram Laptop Kingston 16Gb KCP556SS8,6.779.000,+0%,,,,https://thinkpro.vn/ram/ram-laptop-kingston-16gb-kcp556ss8
ThinkPro,RAM,Ram Laptop Kingston 16Gb KVR56S46BS8-16,6.679.000,+0%,,,,https://thinkpro.vn/ram/ram-laptop-kingston-16gb-kvr56s46bs8-16
ThinkPro,SSD / Ổ cứng,"Lenovo ThinkPad X1 Carbon Gen 11 i7 1365U, 32GB, 512GB, FHD+",25.990.000,+0%,,,,https://thinkpro.vn/laptop/lenovo-thinkpad-x1-carbon-gen-11?skuId=11446
ThinkPro,SSD / Ổ cứng,SSD Union 512GB NVME M2 2242,1.190.000,+0%,,,,https://thinkpro.vn/o-cung/ssd-union-512gb-nvme-m2-2242
ThinkPro,SSD / Ổ cứng,SSD Skhynix 512GB NVME M2 2280,1.490.000,+0%,,,,https://thinkpro.vn/o-cung/o-cung-ssd-sk-hynix-512gb-m2-nvme-2280
ThinkPro,SSD / Ổ cứng,SSD WD 256GB NVME M2 2280,499.000,+0%,,,,https://thinkpro.vn/o-cung/o-cung-ssd-wd-black-256gb-m2-nvme-2280
ThinkPro,SSD / Ổ cứng,SSD Kioxia 512GB NVME M2 2280,1.290.000,+0%,,,,https://thinkpro.vn/o-cung/o-cung-ssd-kioxia-512gb-m2-nvme-2280
ThinkPro,SSD / Ổ cứng,SSD Kioxia 512GB NVME M2 2230,1.490.000,+0%,,,,https://thinkpro.vn/o-cung/o-cung-ssd-kioxia-512gb-nvme-2230
ThinkPro,SSD / Ổ cứng,SSD WD 512GB NVME M2 2280,1.290.000,+0%,,,,https://thinkpro.vn/o-cung/o-cung-ssd-wd-512gb-m2-nvme-2280
ThinkPro,SSD / Ổ cứng,SSD Samsung 512GB NVME M2 2280,1.490.000,+0%,,,,https://thinkpro.vn/o-cung/o-cung-ssd-samsung-512gb-m2-nvme-2280
ThinkPro,SSD / Ổ cứng,SSD Skhynix 512GB PCIe Gen 3 x4 NVME M2 2230,1.490.000,+0%,,,,https://thinkpro.vn/o-cung/ssd-skhynix-512gb-2230-gen-3-x-4
ThinkPro,SSD / Ổ cứng,SSD Kioxia 256GB NVME M2 2230,399.000,+0%,,,,https://thinkpro.vn/o-cung/o-cung-ssd-kioxia-256gb-nvme-2230
ThinkPro,SSD / Ổ cứng,SSD Samsung PM991A 512GB PCIe Gen 3 x4 NVME M2 2230,1.690.000,+0%,,,,https://thinkpro.vn/o-cung/ssd-samsung-m2-nvme-pm991
ThinkPro,SSD / Ổ cứng,Ổ SSD Gigabyte G3NVMEV2256G V2 256GB,1.390.000,+0%,,,,https://thinkpro.vn/o-cung/o-ssd-gigabyte-g3nvmev2256g-v2-256gb
ThinkPro,SSD / Ổ cứng,Ổ SSD Sandisk Blue SN5100 WDS100T5B0E 1TB,5.199.000,+0%,,,,https://thinkpro.vn/o-cung/o-ssd-sandisk-blue-sn5100-wds100t5b0e-1tb
ThinkPro,SSD / Ổ cứng,Ổ SSD Kingmax PQ3480 512Gb,2.790.000,+0%,,,,https://thinkpro.vn/o-cung/o-ssd-kingmax-pq3480-512gb
ThinkPro,SSD / Ổ cứng,Ổ SSD Kingston NV3 1TB,4.490.000,+0%,,,,https://thinkpro.vn/o-cung/o-ssd-kingston-nv3-1tb
ThinkPro,SSD / Ổ cứng,Ổ SSD TeamGroup MP33 512Gb,2.890.000,+0%,,,,https://thinkpro.vn/o-cung/o-ssd-teamgroup-mp33-512gb
ThinkPro,SSD / Ổ cứng,Ổ SSD Sandisk Green SN3000 WDS100T5G0E 1TB,4.369.000,+0%,,,,https://thinkpro.vn/o-cung/o-ssd-sandisk-green-sn3000-wds100t5g0e-1tb
ThinkPro,SSD / Ổ cứng,Ổ SSD Sandisk Blue SN5100 WDS500G5B0E 500GB,3.590.000,+0%,,,,https://thinkpro.vn/o-cung/o-ssd-sandisk-blue-sn5100-wds500g5b0e-500gb
ThinkPro,SSD / Ổ cứng,Ổ SSD Samsung 980 MZ-V8V500BW 500Gb,5.890.000,+0%,,,,https://thinkpro.vn/o-cung/o-ssd-samsung-980-mz-v8v500bw-500gb
ThinkPro,SSD / Ổ cứng,Ổ SSD Kingston NV3 500Gb,3.190.000,+0%,,,,https://thinkpro.vn/o-cung/o-ssd-kingston-nv3-500gb
ThinkPro,SSD / Ổ cứng,Ổ SSD Samsung 990 Pro MZ-V9P1T0BW 1Tb,8.569.000,+0%,,,,https://thinkpro.vn/o-cung/o-ssd-samsung-990-pro-mz-v9p1t0bw-1tb
ThinkPro,Laptop,"Lenovo ThinkPad X1 Carbon Gen 11 i7 1365U, 32GB, 512GB, FHD+",25.990.000,+0%,,,,https://thinkpro.vn/laptop/lenovo-thinkpad-x1-carbon-gen-11?skuId=11446
ThinkPro,Laptop,Apple Macbook Pro 16 (Apple M1),26.990.000,-61.4%,,,,https://thinkpro.vn/laptop/apple-macbook-pro-16-apple-m1
ThinkPro,Màn hình,"Lenovo ThinkPad X1 Carbon Gen 11 i7 1365U, 32GB, 512GB, FHD+",25.990.000,+0%,,,,https://thinkpro.vn/laptop/lenovo-thinkpad-x1-carbon-gen-11?skuId=11446
ThinkPro,Màn hình,"Màn hình LG 27US500-W 27""",5.079.000,+0%,,,,https://thinkpro.vn/man-hinh/man-hinh-lg-27qn600-b
ThinkPro,Màn hình,Màn hình di động ARZOPA Z1FC 16.1 inch 144Hz,2.939.000,+0%,,,,https://thinkpro.vn/man-hinh/man-hinh-di-dong-arzopa-z1fc-161-inch-144hz
ThinkPro,Màn hình,"Màn hình di động ARZOPA Z3FC 16.1"" IPS 180Hz 2.5K",3.999.000,+0%,,,,https://thinkpro.vn/man-hinh/man-hinh-di-dong-arzopa-z3fc-161-ips-180hz-25k
ThinkPro,Màn hình,"Khung ảnh kỹ thuật số ARZOPA D10 WiFi 10.1""",2.199.000,+0%,,,,https://thinkpro.vn/man-hinh-di-dong/khung-anh-ky-thuat-so-arzopa-d10-wifi-101
ThinkPro,Màn hình,"Khung ảnh kỹ thuật số ARZOPA D15 WiFi 15.6""",3.799.000,+0%,,,,https://thinkpro.vn/man-hinh-di-dong/khung-anh-ky-thuat-so-arzopa-d15-wifi-156
ThinkPro,Màn hình,Màn hình di động ARZOPA A1 15.6 inch,1.999.000,+5.3%,,,,https://thinkpro.vn/man-hinh/man-hinh-di-dong-arzopa-a1-156-inch
ThinkPro,Màn hình,Màn hình di động ARZOPA A1M 17.3 inch,3.199.000,+0%,,,,https://thinkpro.vn/man-hinh/man-hinh-di-dong-arzopa-a1m-173-inch
ThinkPro,Màn hình,Màn hình gaming ARZOPA M1RC 27'' 180Hz 2K QHD,3.990.000,+0%,,,,https://thinkpro.vn/man-hinh/man-hinh-gaming-arzopa-m1rc-27-180hz-2k-qhd
ThinkPro,Màn hình,Màn hình di động ARZOPA Z1RC 16 inch 60Hz 2.5K 100%sRGB,3.399.000,+0%,,,,https://thinkpro.vn/man-hinh/man-hinh-di-dong-arzopa-z1rc-16-inch-60hz-25k
ThinkPro,Màn hình,Lenovo ThinkVision S24i-30 63DEKAR3WW (23.8 inch - FHD - IPS - 4ms - 100Hz),2.469.000,+0%,,,,https://thinkpro.vn/man-hinh/lenovo-thinkvision-s24i-30-63dekar3ww-238-inch-fhd-ips-4ms-100hz
ThinkPro,Màn hình,Lenovo Think Vision S27i-30 63DFKAR4WW (27Inch/ Full HD/ 4ms/ 100HZ/ 300 cd/m2/ IPS),2.799.000,+0%,,,,https://thinkpro.vn/man-hinh/lenovo-think-vision-s27i-30-63dfkar4ww-27inch-full-hd-4ms-100hz-300-cdm2-ips
ThinkPro,Màn hình,Lenovo L27q-4A 67BFGAC6VN (27Inch/ QHD (2560x1440)/ 4ms/ 100HZ/ 350cd/m2/ IPS/ Loa),4.569.000,+0%,,,,https://thinkpro.vn/man-hinh/lenovo-l27q-4a-67bfgac6vn-27inch-qhd-2560x1440-4ms-100hz-350cdm2-ips-loa
Hoàng Hà PC (Hà Nội),RAM,RAM DDR5 KINGSTON FURY BEAST RGB 32GB 5600MHz (2x16G) CL40,14.000.000,+0%,,,,https://hoanghapc.vn/ram-ddr5-kingston-fury-beast-32gb-5600mhz-rgb
Hoàng Hà PC (Hà Nội),RAM,RAM DDR4 CORSAIR VENGEANCE LPX 16GB 3200MHz (1x16GB),3.250.000,+0%,,,,https://hoanghapc.vn/ram-corsair-vengeance-lpx-16gb-ddr4-3200mhz
Hoàng Hà PC (Hà Nội),RAM,RAM DDR5 CORSAIR VENGEANCE RGB 64GB 5600MHz (2x32G) CL40,19.900.000,+0%,,,,https://hoanghapc.vn/ram-ddr5-corsair-vengeance-rgb-64g-5600mhz
Hoàng Hà PC (Hà Nội),RAM,RAM DDR5 RGB SIMORCHIP RX-1 32GB (2x16GB) 6000Mhz - CL32,13.000.000,+0%,,,,https://hoanghapc.vn/ram-ddr5-rgb-simorchip-rx-1-32gb-6000mhz
Hoàng Hà PC (Hà Nội),RAM,RAM DDR5 SIMORCHIP EX-1 16GB 6000Mhz (1x16G) CL32,6.000.000,+0%,,,,https://hoanghapc.vn/ram-ddr5-simorchip-ex-1-16gb-6000mhz
Hoàng Hà PC (Hà Nội),RAM,RAM DDR4 HIKSEMI ARMOR 16GB 3200Mhz (1x16GB) BLACK - HSC416U32D2,2.800.000,+0%,,,,https://hoanghapc.vn/ram-ddr4-hiksemi-armor-16gb-3200mhz-black
Hoàng Hà PC (Hà Nội),RAM,RAM DDR5 GSKILL RIPJAWS M5 NEO RGB 64GB 6000MHz (2x32G) BLACK,23.990.000,+4.3%,,,,https://hoanghapc.vn/ram-ddr5-gskill-ripjaws-m5-neo-rgb-64gb-6000mhz-bk
Hoàng Hà PC (Hà Nội),RAM,RAM DDR5 KINGSTON FURY BEAST RGB EXPO 32GB 6000MHz (2x16G) CL36,11.990.000,+0%,,,,https://hoanghapc.vn/ram-ddr5-kingston-fury-beast-rgb-expo-32gb-6000mhz
Hoàng Hà PC (Hà Nội),RAM,RAM DDR4 KINGMAX ZEUS DRAGON 16GB 3600MHz (1x16GB),2.450.000,+0%,,,,https://hoanghapc.vn/ram-ddr4-kingmax-zeus-dragon-16gb-3600mhz
Hoàng Hà PC (Hà Nội),RAM,RAM DDR4 KINGMAX ZEUS DRAGON RGB 32GB 3600MHz (1x32GB),5.990.000,+0%,,,,https://hoanghapc.vn/ram-ddr4-kingmax-zeus-dragon-rgb-32gb-3600mhz
Hoàng Hà PC (Hà Nội),RAM,RAM DDR5 SAMSUNG 64GB 4800MHz ECC RDIMM,80.000.000,+60%,,,,https://hoanghapc.vn/ram-ddr5-samsung-64g-4800mhz-ecc-rdimm
Hoàng Hà PC (Hà Nội),RAM,RAM DDR5 KINGSTON 64GB 4800MHz ECC RDIMM,80.000.000,+60%,,,,https://hoanghapc.vn/ram-ddr5-kingston-64gb-4800mhz-ecc-rdimm
Hoàng Hà PC (Hà Nội),RAM,RAM DDR5 SAMSUNG 64GB 5600MHz ECC RDIMM,80.000.000,+33.4%,,,,https://hoanghapc.vn/ram-ddr5-samsung-64gb-5600mhz
Hoàng Hà PC (Hà Nội),RAM,RAM DDR5 KINGSTON 64GB 5600MHz ECC DIMM,80.000.000,+33.4%,,,,https://hoanghapc.vn/ram-ddr5-kingston-64gb-5600mt-s-ecc-rdimm
Hoàng Hà PC (Hà Nội),RAM,RAM DDR5 MICRON 64GB 4800MHz ECC RDIMM,80.000.000,+60%,,,,https://hoanghapc.vn/ram-ddr5-micron-64gb-4800mhz-ecc-rdimm
Hoàng Hà PC (Hà Nội),RAM,RAM DDR4 ZADAK TWIST 16GB 3200MHz (1x16GB),2.450.000,+0%,,,,https://hoanghapc.vn/ram-ddr4-zadak-twist-16gb-3200mhz
Hoàng Hà PC (Hà Nội),RAM,RAM DDR5 APACER OC NOX RGB 64GB 6000MHz (2x32G),19.900.000,+0%,,,,https://hoanghapc.vn/ram-ddr5-apacer-oc-nox-rgb-64gb-6000mhz
Hoàng Hà PC (Hà Nội),RAM,RAM DDR5 APACER OC NOX RGB SILVER 64GB 6000MHz (2x32G),19.900.000,+0%,,,,https://hoanghapc.vn/ram-ddr5-apacer-oc-nox-rgb-silver-64gb-6000mhz
Hoàng Hà PC (Hà Nội),RAM,RAM DDR4 APACER OC NOX 64GB 3200MHz (2x32G),11.990.000,+0%,,,,https://hoanghapc.vn/ram-ddr4-apacer-oc-nox-64gb-3200mhz
Hoàng Hà PC (Hà Nội),RAM,RAM DDR4 APACER OC NOX RGB AURA 2 BLACK 16GB 3200MHz (1x16G),2.450.000,+0%,,,,https://hoanghapc.vn/ram-ddr4-apacer-oc-nox-rgb-aura-2-black-16gb-3200mhz
Hoàng Hà PC (Hà Nội),RAM,RAM DDR4 KINGSTON FURY BEAST 16GB 3200MHz (1x16G) CL16,3.350.000,+0%,,,,https://hoanghapc.vn/ram-ddr4-kingston-fury-beast-16gb-3200mhz
Hoàng Hà PC (Hà Nội),SSD,Ổ cứng SSD Kioxia Exceria Basic 2TB M.2 PCIe Gen4 x4 (Đọc 7300MB/s - Ghi 6800MB/s),6.500.000,+0%,,,,https://hoanghapc.vn/o-cung-ssd-kioxia-exceria-basic-2tb
Hoàng Hà PC (Hà Nội),SSD,Ổ cứng SSD Lexar NM790 1TB M.2 PCIe Gen4 x4 (Đọc 7400MB/s - Ghi 6500MB/s),4.500.000,+0%,,,,https://hoanghapc.vn/o-cung-ssd-lexar-nm790-1tb
Hoàng Hà PC (Hà Nội),SSD,Ổ cứng SSD Lexar NM990 1TB M.2 PCIe Gen5 x4 (Đọc 14000MB/s - Ghi 7500MB/s),5.500.000,+0%,,,,https://hoanghapc.vn/o-cung-ssd-lexar-nm990-1tb
Hoàng Hà PC (Hà Nội),SSD,Ổ cứng SSD Sandisk WD Blue SN5100 500GB M.2 PCIe Gen4 x4 (Đọc 6600MB/s - Ghi 5600MB/s),3.000.000,+0%,,,,https://hoanghapc.vn/o-cung-ssd-wd-blue-sn5100-500gb
Hoàng Hà PC (Hà Nội),SSD,Ổ cứng SSD Sandisk WD Black SN7100 1TB M.2 PCIe Gen4 x4 (Đọc 7250MB/s - Ghi 6900MB/s),5.000.000,+0%,,,,https://hoanghapc.vn/o-cung-ssd-wd-black-sn7100-1tb
Hoàng Hà PC (Hà Nội),SSD,Ổ cứng SSD Kioxia Exceria Basic 1TB M.2 PCIe Gen4 x4 (Đọc 7200MB/s - Ghi 6600MB/s),4.000.000,+0%,,,,https://hoanghapc.vn/o-cung-ssd-kioxia-exceria-basic-1tb
Hoàng Hà PC (Hà Nội),SSD,Ổ cứng SSD Kioxia Exceria G3 1TB M.2 PCIe Gen5 x4 (Đọc 10000MB/s - Ghi 8900 MB/s),5.500.000,+0%,,,,https://hoanghapc.vn/o-cung-ssd-kioxia-exceria-g3-1tb-gen-5
Hoàng Hà PC (Hà Nội),SSD,Ổ cứng SSD TeamGroup G50 512GB M.2 PCIe Gen4 x4 (Đọc 5000MB/s - Ghi 2500MB/s),3.000.000,+0%,,,,https://hoanghapc.vn/o-cung-ssd-teamgroup-g50-512gb
Hoàng Hà PC (Hà Nội),SSD,Ổ cứng SSD Lexar NQ790 500GB M.2 PCIe Gen4 x4 (Đọc 6400MB/s - Ghi 2900MB/s),3.200.000,+0%,,,,https://hoanghapc.vn/o-cung-ssd-lexar-nq790-500gb
Hoàng Hà PC (Hà Nội),SSD,Ổ cứng SSD Samsung 990 Pro Heatsink 4TB M.2 PCIe Gen4 x4 (Đọc 7450MB/s - Ghi 6900MB/s),37.990.000,+0%,,,,https://hoanghapc.vn/o-cung-ssd-samsung-990-pro-heatsink-4tb
Hoàng Hà PC (Hà Nội),SSD,Ổ cứng SSD Apacer AS2280P4U Pro 512GB M.2 PCIe Gen3 x4 (Đọc 3500MB/s - Ghi 2300MB/s),3.000.000,+0%,,,,https://hoanghapc.vn/o-cung-ssd-apacer-as2280p4u-pro-512gb
Hoàng Hà PC (Hà Nội),SSD,Ổ cứng SSD Sandisk WD Black SN7100 500GB M.2 PCIe Gen4 x4 (Đọc 6800MB/s - Ghi 5800MB/s),3.200.000,+0%,,,,https://hoanghapc.vn/o-cung-ssd-wd-black-sn7100-500gb
Hoàng Hà PC (Hà Nội),SSD,Ổ cứng SSD Biwin Black Opal NV3500 1TB M.2 2280 PCIe 3.0x4 (Đọc: 3500MB/s - Ghi: 3000MB/s),4.000.000,+0%,,,,https://hoanghapc.vn/o-cung-ssd-biwin-black-opal-nv3500-1tb
Hoàng Hà PC (Hà Nội),SSD,Ổ cứng SSD Biwin Black Opal NV3500 512GB M.2 2280 PCIe 3.0x4 (Đọc: 3500MB/s - Ghi: 2500MB/s),3.000.000,+0%,,,,https://hoanghapc.vn/o-cung-ssd-biwin-black-opal-nv3500-512gb
Hoàng Hà PC (Hà Nội),SSD,Ổ cứng SSD Lexar NQ710 500GB M.2 PCIe Gen4 x4 (Đọc 4400MB/s - Ghi 1700MB/s),3.000.000,+0%,,,,https://hoanghapc.vn/o-cung-ssd-lexar-nq710-500gb
Hoàng Hà PC (Hà Nội),SSD,Ổ cứng SSD Sandisk WD Black SN850X 8TB M.2 PCIe Gen4 x4 (Đọc 7200MB/s - Ghi 6600MB/s),50.000.000,,,,,https://hoanghapc.vn/o-cung-ssd-sandisk-wd-black-sn850x-8tb-m-2-pcie-gen4-x4
Hoàng Hà PC (Hà Nội),SSD,Ổ cứng SSD MSI Spatium M480 Pro 1TB M.2 PCIe Gen4 x4 (Đọc 7400MB/s - Ghi 6000MB/s),5.000.000,+0%,,,,https://hoanghapc.vn/o-cung-ssd-msi-spatium-m480-pro-1tb
Hoàng Hà PC (Hà Nội),SSD,Ổ cứng SSD Samsung 9100 Pro 2TB M.2 PCIe Gen5 x4 (Đọc 14700MB/s - Ghi 13400MB/s),22.000.000,,,,,https://hoanghapc.vn/o-cung-ssd-samsung-9100-pro-2tb
Hoàng Hà PC (Hà Nội),SSD,Ổ cứng SSD Kioxia Exceria Plus G3 1TB M.2 PCIe Gen4 x4 (Đọc 5000MB/s - Ghi 3900MB/s),4.000.000,+0%,,,,https://hoanghapc.vn/o-cung-ssd-kioxia-exceria-plus-g3-1tb
Hoàng Hà PC (Hà Nội),SSD,Ổ cứng SSD Kioxia Exceria Plus G4 1TB M.2 PCIe Gen5 x4 (Đọc 10000MB/s - Ghi 7900MB/s),5.500.000,+0%,,,,https://hoanghapc.vn/o-cung-ssd-gen-5-kioxia-exceria-plus-g4-1tb
Hoàng Hà PC (Hà Nội),SSD,Ổ cứng SSD Kioxia Exceria Plus G4 2TB M.2 PCIe Gen5 x4 (Đọc 10000MB/s - Ghi 8200 MB/s),10.000.000,+0%,,,,https://hoanghapc.vn/o-cung-ssd-gen-5-kioxia-exceria-plus-g4-2tb
Hoàng Hà PC (Hà Nội),SSD,Ổ cứng SSD Lexar NM710 2TB M.2 PCIe Gen4 x4 (Đọc 4850MB/s - Ghi 4500MB/s) - TRAY,5.500.000,+0%,,,,https://hoanghapc.vn/o-cung-ssd-lexar-nm710-2tb
Hoàng Hà PC (Hà Nội),SSD,Ổ cứng SSD MSI Spatium M480 Pro 4TB M.2 PCIe Gen4 x4 (Đọc 7400MB/s - Ghi 7000MB/s),18.000.000,+0%,,,,https://hoanghapc.vn/o-cung-ssd-msi-spatium-m480-pro-4tb
Hoàng Hà PC (Hà Nội),SSD,Ổ cứng SSD MSI Spatium M480 Pro 2TB M.2 PCIe Gen4 x4 (Đọc 7400MB/s - Ghi 7000MB/s),8.000.000,,,,,https://hoanghapc.vn/o-cung-ssd-msi-spatium-m480-pro-2tb
Hoàng Hà PC (Hà Nội),Laptop,Laptop MSI Vector 16 HX AI A2XWIG 062VN (Ultra 9 275HX | 16GB | 1TB | RTX 5080 | 16 inch QHD + 240Hz | Win 11 | Xám),85.000.000,+0%,,,,https://hoanghapc.vn/laptop-msi-vector-16-hx-ai-a2xwig-062vn
Hoàng Hà PC (Hà Nội),Laptop,Laptop Dell 14 DC14250 C7U161W11SLU (Intel Core 7 150U | 16GB | 1TB | 14 inch FHD+ | Win 11 | Office),26.590.000,+0%,,,,https://hoanghapc.vn/laptop-dell-14-dc14250-c7u161w11slu
Hoàng Hà PC (Hà Nội),Laptop,Laptop Dell 16 DC16250 C7U161W11BLU (Intel Core 7 150U | 16GB | 1TB | 16 inch FHD+ Touch | Win 11 | Office),32.000.000,+0%,,,,https://hoanghapc.vn/laptop-dell-16-dc16250-c7u161w11blu
Hoàng Hà PC (Hà Nội),Laptop,Laptop Dell 15 DC15250 i7U161W11SLU (Intel Core i7-1355U | 16GB | 1TB | 15.6 inch FHD | Win 11 | Office),24.990.000,+0%,,,,https://hoanghapc.vn/laptop-dell-15-dc15250-i7u161w11slu
Hoàng Hà PC (Hà Nội),Laptop,Laptop Dell Inspiron 14 5440 71034769 (Intel Core 5-120U | 16GB | 1TB | Intel Iris Xe | 14 inch FHD+ | Win 11 | Office),24.000.000,+0%,,,,https://hoanghapc.vn/laptop-dell-inspiron-14-5440-71034769
Hoàng Hà PC (Hà Nội),Laptop,Laptop Dell Inspiron 14 5440 7FN5J (Intel Core 7-150U | 16GB | 1TB | 14 inch FHD+ | Win 11 | Office),26.990.000,+0%,,,,https://hoanghapc.vn/laptop-dell-inspiron-14-5440-7fn5j
Hoàng Hà PC (Hà Nội),Laptop,Laptop Dell Inspiron 14 5440 N4I7204W1 (Intel Core 7-150U | 16GB | 512GB | 14 inch FHD+ | Win 11 | Office),26.490.000,+0%,,,,https://hoanghapc.vn/laptop-dell-inspiron-14-5440-n4i7204w1
Hoàng Hà PC (Hà Nội),Laptop,Laptop Dell Inspiron 14 5440 N4I5211W1 (Intel Core 5-120U | 16GB | 512GB | Intel Iris Xe | 14 inch FHD+ | Win 11 | Office),22.990.000,+0%,,,,https://hoanghapc.vn/laptop-dell-inspiron-14-5440-n4i5211w1
Hoàng Hà PC (Hà Nội),Laptop,Laptop MSI Raider 16 Max HX B2W-095VN (Core Ultra 9 290HX Plus | RAM DDR5 64GB | SSD 2TB | RTX 5080 16G | 16 inch QHD_OLED 240Hz | Win 11 | Black),150.000.000,+0%,,,,https://hoanghapc.vn/laptop-msi-raider-16-max-hx-b2w-095vn
Hoàng Hà PC (Hà Nội),Laptop,Laptop Gaming MSI Cyborg 15 AI A1VEK-245VN (Core Ultra 5 135H | RAM 16G | SSD 512GB | RTX 4050 6G | 15.6 inch FHD 144Hz),27.000.000,+0%,,,,https://hoanghapc.vn/laptop-gaming-msi-cyborg-15-ai-a1vek-245vn
Hoàng Hà PC (Hà Nội),Laptop,Laptop Gaming MSI Katana 15 B13UDXK 2269VN (Core i7 13620H | RAM 8G | SSD 1TB | RTX 3050 6G | 15.6 FHD 144Hz),27.000.000,+0%,,,,https://hoanghapc.vn/laptop-gaming-msi-katana-15-b13udxk-2269vn
Hoàng Hà PC (Hà Nội),Laptop,Laptop Gaming Gigabyte A16 CMHI2VN893SH (Core i7 13620H | RAM 16G | SSD 512GB | RTX 4050 6G | 16 inch FHD+ 165Hz),29.990.000,+0%,,,,https://hoanghapc.vn/laptop-gaming-gigabyte-a16-cmhi2vn893sh
Hoàng Hà PC (Hà Nội),Laptop,Laptop MSI Titan 18 HX AI A2XWIG 090VN (Intel Core Ultra 9 285HX | RTX 5080 | 18 inch UHD+ | 64GB | 6TB | Win 11 | Đen),160.000.000,+0%,,,,https://hoanghapc.vn/laptop-msi-titan-18-hx-ai-a2xwig-090vn
Hoàng Hà PC (Hà Nội),Laptop,Laptop MSI Titan 18 HX AI A2XWJG 035VN (Intel Core Ultra 9 285HX | RTX 5090 24GB | 96GB | 6TB | 18 inch UHD+ IPS | Win 11 | Đen),190.000.000,+0%,,,,https://hoanghapc.vn/laptop-msi-titan-18-hx-ai-a2xwjg-035vn
Hoàng Hà PC (Hà Nội),Laptop,Laptop Gaming MSI Katana 15 HX B14WEK 295VN (Core i9-14900HX | RAM 16G | SSD 512GB | RTX 5050 8G | 15.6 2K 165Hz),39.990.000,+0%,,,,https://hoanghapc.vn/laptop-gaming-msi-katana-15-hx-b14wek-295vn
Hoàng Hà PC (Hà Nội),Laptop,Laptop Gaming MSI Katana 15 HX B14WFK 294VN (Core i9-14900HX | RAM 16G | SSD 512GB | RTX 5060 8G | 15.6 2K 165Hz),46.990.000,+0%,,,,https://hoanghapc.vn/laptop-gaming-msi-katana-15-hx-b14wfk-294vn
Hoàng Hà PC (Hà Nội),Laptop,Laptop Gaming MSI Katana 15 HX B14WGK 023VN (Core i7-14650HX | RAM 16G | SSD 1TB | RTX 5070 8G | 15.6 2K 165Hz),48.890.000,+0%,,,,https://hoanghapc.vn/laptop-gaming-msi-katana-15-hx-b14wgk-023vn
Hoàng Hà PC (Hà Nội),Laptop,Laptop Gaming MSI Katana 15 HX B14WGK 022VN (Core i9-14900HX | RAM 32G | SSD 1TB | RTX 5070 8G | 15.6 2K 165Hz),59.990.000,+0%,,,,https://hoanghapc.vn/laptop-gaming-msi-katana-15-hx-b14wgk-022vn
Hoàng Hà PC (Hà Nội),Laptop,Laptop MSI Vector 16 HX AI A2XWHG 010VN (Ultra 7 255HX | 16GB | 512GB | RTX 5070 Ti | 16 inch QHD + 240Hz | Win 11 | Xám),66.990.000,+0%,,,,https://hoanghapc.vn/laptop-msi-vector-16-hx-ai-a2xwhg-010vn
Hoàng Hà PC (Hà Nội),Laptop,Laptop Gaming Gigabyte A16 CMHH2VN893SH (Core i5 13420H | RAM 16G | SSD 512GB | RTX 4050 6G | 16 inch FHD+ 165Hz),27.990.000,+0%,,,,https://hoanghapc.vn/laptop-gaming-gigabyte-a16-cmhh2vn893sh
Hoàng Hà PC (Hà Nội),Laptop,Laptop Gaming Gigabyte Aorus Master 16 BYH-C5VNE64SH (Core Ultra 9 275HX | RAM 32G | SSD 1TB | RTX 5080 16G | 16 OLED 2.5K 240Hz),110.000.000,+0%,,,,https://hoanghapc.vn/laptop-gaming-gigabyte-aorus-master-16-byh-c5vne64sh
Hoàng Hà PC (Hà Nội),HDD,Ổ cứng HDD Western Digital Ultrastar DC HA340 12TB (3.5 Inch/ SATA 3/ 7200RPM/ 512MB Cache),22.000.000,+0%,,,,https://hoanghapc.vn/o-cung-hdd-western-digital-ultrastar-dc-ha340-12tb
Hoàng Hà PC (Hà Nội),HDD,"Ổ Cứng HDD Western Digital Ultrastar DC HA340 4TB (3.5 inch, SATA 6Gb/s, 256MB Cache,7200RPM)",8.500.000,+0%,,,,https://hoanghapc.vn/o-cung-hdd-western-digital-ultrastar-dc-ha340-4tb
Hoàng Hà PC (Hà Nội),HDD,Ổ cứng HDD Western Digital Ultrastar DC HC570 22TB (3.5 Inch/ SATA 3/ 7200RPM/ 512MB Cache),35.000.000,+0%,,,,https://hoanghapc.vn/o-cung-hdd-western-digital-ultrastar-hc570-22tb
Hoàng Hà PC (Hà Nội),HDD,"Ổ cứng HDD Seagate IronWolf Pro 24TB (3.5 inch, SATA3, 512MB Cache, 7200RPM)",34.990.000,+0%,,,,https://hoanghapc.vn/o-cu-ng-hdd-seagate-ironwolf-pro-24tb
Hoàng Hà PC (Hà Nội),HDD,"Ổ cứng HDD Seagate IronWolf Pro 32TB (3.5 inch, SATA3, 512MB Cache, 7200RPM)",50.000.000,+0%,,,,https://hoanghapc.vn/o-cu-ng-hdd-seagate-ironwolf-pro-32tb
Hoàng Hà PC (Hà Nội),HDD,Ổ cứng HDD Western Digital Ultrastar DC HC555 18TB (3.5 Inch/ SATA 3/ 7200RPM/ 512MB Cache),30.000.000,+0%,,,,https://hoanghapc.vn/o-cung-hdd-western-digital-ultrastar-hc555-18tb
Hoàng Hà PC (Hà Nội),HDD,"Ổ cứng HDD WD Red Pro 16TB (3.5 inch, SATA3 6Gb/s, 512MB Cache, 7200RPM, WD161KFGX)",24.500.000,+0%,,,,https://hoanghapc.vn/o-cung-hdd-wd-red-pro-16tb
Hoàng Hà PC (Hà Nội),HDD,"Ổ cứng HDD Seagate Exos X24 20TB (3.5 inch, SATA3, 512MB Cache, 7200RPM)",32.000.000,+0%,,,,https://hoanghapc.vn/o-cung-hdd-seagate-exos-x24-20tb
Hoàng Hà PC (Hà Nội),HDD,"Ổ Cứng HDD Western Enterprise Ultrastar DC HC330 10TB (3.5 inch, Sata3 6Gb/s, 256MB Cache, 7200rpm)",17.000.000,+0%,,,,https://hoanghapc.vn/o-cung-western-enterprise-ultrastar-dc-hc330-10tb
Hoàng Hà PC (Hà Nội),HDD,"Ổ Cứng HDD Western Digital Ultrastar DC HC520 12TB (3.5 inch, SATA 6Gb/s, 256MB Cache, 7200RPM)",20.000.000,+0%,,,,https://hoanghapc.vn/o-cung-western-enterprise-ultrastar-dc-hc520-12tb
Hoàng Hà PC (Hà Nội),HDD,"Ổ Cứng HDD Western Digital Red Plus 4TB (3.5 inch, SATA3, 128MB Cache, 5400rpm) - WD40EFZZ",7.000.000,+0%,,,,https://hoanghapc.vn/o-cu-ng-hdd-western-digital-red-plus-4tb
Hoàng Hà PC (Hà Nội),HDD,"Ổ Cứng HDD Western Digital Caviar Blue 2TB (WD20EZBX) (3.5 inch, Sata3 6Gb/s, 256MB Cache, 7200rpm)",4.000.000,+0%,,,,https://hoanghapc.vn/hdd-western-caviar-blue-2tb
Hoàng Hà PC (Hà Nội),HDD,Ổ cứng HDD Western Digital Blue 4TB (3.5 Inch/ SATA 3/ 5400 RPM/ 256MB Cache),6.000.000,+20%,,,,https://hoanghapc.vn/o-cung-hdd-western-digital-blue-4tb
Hoàng Hà PC (Hà Nội),HDD,Ổ cứng HDD Western Digital Ultrastar DC HC555 20TB (3.5 Inch/ SATA 3/ 7200RPM/ 512MB Cache),35.000.000,+0%,,,,https://hoanghapc.vn/o-cung-hdd-western-digital-ultrastar-hc555-20tb
Hoàng Hà PC (Hà Nội),HDD,"Ổ cứng HDD Seagate Exos 7E10 10TB (3.5 inch, SATA3, 256MB Cache, 7200RPM)",17.000.000,+0%,,,,https://hoanghapc.vn/o-cung-hdd-seagate-enterprise-exos-7e10-10tb
Hoàng Hà PC (Hà Nội),HDD,"Ổ cứng HDD Seagate Barracuda 4TB (3.5 inch, SATA3 6Gb/s, 256MB Cache, 5400rpm)",6.000.000,+20%,,,,https://hoanghapc.vn/o-cung-seagate-barracuda-4tb-64mb-cache
Hoàng Hà PC (Hà Nội),HDD,"Ổ Cứng HDD Seagate Barracuda 2TB (3.5 inch, Sata3 6Gb/s, 256MB Cache, 7200rpm)",4.000.000,+0%,,,,https://hoanghapc.vn/hdd-seagate-barracuda-2tb
Hoàng Hà PC (Hà Nội),HDD,"Ổ Cứng HDD Seagate Ironwolf 8TB (3.5 inch, Sata3 6Gb/s, 256MB Cache, 7200rpm)",12.000.000,+0%,,,,https://hoanghapc.vn/seagate-ironwolf-nas-8tb
Hoàng Hà PC (Hà Nội),HDD,"Ổ cứng HDD Seagate Ironwolf 10TB (3.5 inch, SATA3 6Gb/s, 256MB Cache, 7200rpm)",16.000.000,+0%,,,,https://hoanghapc.vn/o-cung-seagate-ironwolf-10tb
Hoàng Hà PC (Hà Nội),HDD,"Ổ cứng HDD Seagate Ironwolf Pro 12TB (3.5 inch, 7200 RPM, Cache 256MB, ST12000NT001)",20.000.000,+0%,,,,https://hoanghapc.vn/o-cung-hdd-seagate-ironwolf-pro-12tb
Hoàng Hà PC (Hà Nội),HDD,"Ổ cứng HDD Seagate Ironwolf Pro 8TB (3.5 inch, 256MB Cache, 7200RPM, ST8000NT001)",15.000.000,+0%,,,,https://hoanghapc.vn/o-cung-hdd-seagate-ironwolf-pro-8tb
Hoàng Hà PC (Hà Nội),HDD,"Ổ cứng HDD Seagate Ironwolf Pro 4TB (3.5 inch, 7200 RPM, Cache 256MB, ST4000NT001)",8.500.000,+0%,,,,https://hoanghapc.vn/o-cung-hdd-seagate-ironwolf-pro-4tb-7200rpm
Hoàng Hà PC (Hà Nội),HDD,"Ổ cứng HDD Seagate IronWolf Pro 20TB (3.5 inch, 7200RPM, SATA3, 256MB Cache)",32.000.000,+0%,,,,https://hoanghapc.vn/o-cu-ng-hdd-seagate-ironwolf-pro-20tb
Hoàng Hà PC (Hà Nội),HDD,"Ổ cứng HDD Seagate Ironwolf Pro 10TB (3.5 inch, 7200 RPM, Cache 256MB, ST10000NT001)",17.000.000,+0%,,,,https://hoanghapc.vn/o-cu-ng-hdd-seagate-ironwolf-pro-10tb
Hoàng Hà PC (Hà Nội),VGA - Card màn hình,"VGA COLORFUL iGAME GEFORCE RTX 5080 ULTRA W OC 16GB-V (GDDR7, 256-bit, HDMI +DP, 1x16-pin)",40.000.000,+0%,,,,https://hoanghapc.vn/vga-colorful-igame-geforce-rtx-5080-ultra-w-oc-16gb-v
Hoàng Hà PC (Hà Nội),VGA - Card màn hình,"VGA COLORFUL iGAME GEFORCE RTX 5080 NEPTUNE OC 16GB-V (GDDR7, 256-bit, HDMI +DP, 1x16-pin)",48.000.000,+0%,,,,https://hoanghapc.vn/vga-colorful-igame-geforce-rtx-5080-neptune-oc-16gb-v
Hoàng Hà PC (Hà Nội),VGA - Card màn hình,"VGA COLORFUL iGAME GEFORCE RTX 5070 Ti ULTRA W OC 16GB-V (GDDR7, 256-bit, HDMI +DP, 1x16-pin)",35.000.000,+9.4%,,,,https://hoanghapc.vn/vga-colorful-igame-geforce-rtx-5070-ti-ultra-w-oc-16gb-v
Hoàng Hà PC (Hà Nội),VGA - Card màn hình,"VGA COLORFUL GEFORCE RTX 5060 Ti ULTRA W DUO OC 16GB-V (GDDR7, 128-bit, HDMI +DP, 1x8-pin)",19.000.000,+11.8%,,,,https://hoanghapc.vn/vga-colorful-rtx-5060-ti-ultra-w-duo-oc-16gb-v
Hoàng Hà PC (Hà Nội),VGA - Card màn hình,"VGA GIGABYTE AORUS GEFORCE RTX 5090 INFINITY 32G (GDDR7, 512-bit, HDMI +DP, 1x16-pin)",200.000.000,+0%,,,,https://hoanghapc.vn/vga-gigabyte-aorus-geforce-rtx-5090-infinity-32g
Hoàng Hà PC (Hà Nội),VGA - Card màn hình,"VGA GIGABYTE AORUS GEFORCE RTX 5090 MASTER 32G (GDDR7, 512-bit, HDMI +DP, 1x16-pin)",150.000.000,,,,,https://hoanghapc.vn/vga-gigabyte-aorus-geforce-rtx-5090-master-32g
Hoàng Hà PC (Hà Nội),VGA - Card màn hình,"VGA GIGABYTE GEFORCE RTX 5070 Ti WINDFORCE SFF 16G (GDDR7, 256-bit, HDMI+DP, 1x16-pin)",35.000.000,+9.4%,,,,https://hoanghapc.vn/vga-gigabyte-geforce-rtx-5070-ti-windforce-sff-16g
Hoàng Hà PC (Hà Nội),VGA - Card màn hình,"VGA LEADTEK NVIDIA RTX 4000 ADA 20GB (GDDR6, 160-bit, 4xDP)",47.000.000,+0%,,,,https://hoanghapc.vn/vga-leadtek-nvidia-rtx-4000-ada-20gb-gddr6
Hoàng Hà PC (Hà Nội),VGA - Card màn hình,"VGA ASUS DUAL RTX 3060 OC 12GB V2 (GDDR6, 192-bit, HDMI +DP, 1x8-pin)",9.990.000,-16.8%,,,,https://hoanghapc.vn/asus-dual-rtx-3060-12gb
Hoàng Hà PC (Hà Nội),VGA - Card màn hình,"VGA MSI RTX 3060 VENTUS 2X OC (12GB GDDR6, 192-bit, HDMI +DP, 1x8-pin)",9.990.000,,,,,https://hoanghapc.vn/msi-rtx-3060-12gb-ventus-2x-oc
Hoàng Hà PC (Hà Nội),VGA - Card màn hình,"VGA PALIT GEFORCE RTX 5060 Ti INFINITY 3 16G (GDDR7, 128-bit, HDMI +DP, 1x8-pin)",19.000.000,+5.6%,,,,https://hoanghapc.vn/vga-palit-rtx-5060-ti-infinity-3-16g
Hoàng Hà PC (Hà Nội),VGA - Card màn hình,"VGA LEADTEK NVIDIA RTX PRO 6000 Blackwell Workstation Edition 96GB (GDDR7, 512-bit, 4x DisplayPort)",500.000.000,+0%,,,,https://hoanghapc.vn/vga-leadtek-nvidia-rtx-pro-6000-blackwell
Hoàng Hà PC (Hà Nội),VGA - Card màn hình,"VGA MSI GEFORCE RTX 5090 32G SUPRIM SOC (GDDR7, 512-bit, HDMI +DP, 1x16-pin)",150.000.000,+0%,,,,https://hoanghapc.vn/vga-msi-rtx-5090-32g-suprim-soc
Hoàng Hà PC (Hà Nội),VGA - Card màn hình,"VGA ASUS DUAL GEFORCE RTX 5060 Ti 16GB GDDR7 OC EDITION (128-bit, HDMI+DP, 1x8-pin)",20.000.000,+0%,,,,https://hoanghapc.vn/vga-asus-dual-rtx-5060-ti-16gb-gddr7-oc-edition
Hoàng Hà PC (Hà Nội),VGA - Card màn hình,"VGA LEADTEK NVIDIA RTX PRO 6000 Blackwell Max-Q Workstation Edition 96GB (GDDR7, 512-bit, 4x DisplayPort)",500.000.000,+0%,,,,https://hoanghapc.vn/vga-leadtek-nvidia-rtx-pro-6000-blackwell-max-q
Hoàng Hà PC (Hà Nội),VGA - Card màn hình,"VGA ASUS DUAL GEFORCE RTX 5060 8GB GDDR7 OC EDITION (128-bit, HDMI+DP, 1x8-pin)",9.990.000,+0.9%,,,,https://hoanghapc.vn/vga-asus-dual-rtx-5060-8gb-gddr7-oc
Hoàng Hà PC (Hà Nội),VGA - Card màn hình,"VGA LEADTEK NVIDIA RTX PRO 5000 BLACKWELL 72GB (GDDR7, 384-bit, 4x DP)",350.000.000,+0%,,,,https://hoanghapc.vn/vga-leadtek-nvidia-rtx-pro-5000-blackwell-72gb
Hoàng Hà PC (Hà Nội),VGA - Card màn hình,"VGA ASUS ROG ASTRAL GEFORCE RTX 5090 EDITION 20 (32GB GDDR7, 512-bit, HDMI+DP, 1x16-pin)",199.000.000,+0%,,,,https://hoanghapc.vn/vga-asus-rog-astral-geforce-rtx-5090-edition-20
Hoàng Hà PC (Hà Nội),VGA - Card màn hình,"VGA GIGABYTE GEFORCE RTX 5060 GAMING OC 8G (GDDR7, 128-bit, HDMI+DP, 1x8-pin)",10.550.000,+0.5%,,,,https://hoanghapc.vn/vga-gigabyte-rtx-5060-gaming-oc-8g
Hoàng Hà PC (Hà Nội),VGA - Card màn hình,"VGA ASUS DUAL RTX 3050 6GB (GDDR6, 96-bit, HDMI+DP+DVI-D)",5.500.000,+0%,,,,https://hoanghapc.vn/vga-asus-dual-rtx-3050-6gb
Hoàng Hà PC (Hà Nội),VGA - Card màn hình,"VGA MSI RTX 3050 VENTUS 2X XS 8G OC (GDDR6, 128-bit, HDMI+DP, 6-pin x 1)",6.990.000,+16.7%,,,,https://hoanghapc.vn/vga-msi-rtx-3050-ventus-2x-xs-8gb-oc-gddr6
Hoàng Hà PC (Hà Nội),VGA - Card màn hình,"VGA LEADTEK NVIDIA RTX A1000 8GB (GDDR6, 128-bit, 4x MiniDisplayPort)",17.000.000,+0%,,,,https://hoanghapc.vn/vga-leadtek-nvidia-rtx-a1000
Hoàng Hà PC (Hà Nội),VGA - Card màn hình,"VGA GIGABYTE RTX 3060 WINDFORCE OC 12G (rev. 2.0) (GDDR6, 192-bit, HDMI +DP, 1x8-pin)",9.990.000,+3.5%,,,,https://hoanghapc.vn/vga-gigabyte-rtx-3060-windforce-oc-12g
Hoàng Hà PC (Hà Nội),VGA - Card màn hình,"VGA GIGABYTE GEFORCE RTX 5080 WINDFORCE OC SFF 16G (GDDR7, 256-bit, HDMI +DP, 1x16-pin)",38.950.000,+0%,,,,https://hoanghapc.vn/vga-gigabyte-geforce-rtx-5080-windforce-oc-sff-16g
Hoàng Hà PC (Hà Nội),Mainboard,Mainboard Gigabyte Z790 AORUS ELITE AX DDR5 ( WIFI + Bluetooth ),3.690.000,-26.2%,,,,https://hoanghapc.vn/mainboard-gigabyte-z790-aorus-elite-ax
Hoàng Hà PC (Hà Nội),Mainboard,"Mainboard MSI PRO Z790-P WIFI DDR4 (Intel Z790, Socket 1700, ATX, 4 khe Ram DDR4)",5.200.000,+0%,,,,https://hoanghapc.vn/mainboard-msi-pro-z790-p-wifi-ddr4
Hoàng Hà PC (Hà Nội),Mainboard,"Mainboard ASUS ROG STRIX Z790-E GAMING WIFI II (Intel Z790, Socket 1700, ATX, 4 khe Ram DDR5)",13.990.000,+0%,,,,https://hoanghapc.vn/mainboard-asus-strix-z790-e-gaming-wifi
Hoàng Hà PC (Hà Nội),Mainboard,"Mainboard ASUS ROG STRIX Z790-F GAMING WIFI (Intel Z790, Socket 1700, ATX, 4 khe Ram DDR5)",11.290.000,+0%,,,,https://hoanghapc.vn/mainboard-asus-strix-z790-f-gaming-wifi
Hoàng Hà PC (Hà Nội),Mainboard,"Mainboard Gigabyte Z790 D (Intel Z790, Socket LGA1700, ATX, 4 khe RAM DDR4)",5.500.000,+0%,,,,https://hoanghapc.vn/mainboard-gigabyte-z790-d
Hoàng Hà PC (Hà Nội),Mainboard,"Mainboard Gigabyte Z790 AORUS MASTER DDR5 (Intel Z790, Socket LGA1700, E-ATX, 4 khe RAM DDR5)",15.990.000,+0%,,,,https://hoanghapc.vn/mainboard-gigabyte-z790-aorus-master
Hoàng Hà PC (Hà Nội),Mainboard,"Mainboard GIGABYTE X870E AORUS MASTER X3D (AMD X870E, Socket AM5, ATX, 4 khe RAM DDR5)",22.000.000,+0%,,,,https://hoanghapc.vn/mainboard-gigabyte-x870e-aorus-master-x3d
Hoàng Hà PC (Hà Nội),Mainboard,"Mainboard GIGABYTE TRX50 AI TOP (AMD TRX50, Socket sTR5, E-ATX, 8 khe RAM DDR5)",31.000.000,+0%,,,,https://hoanghapc.vn/mainboard-gigabyte-trx50-ai-top
Hoàng Hà PC (Hà Nội),Mainboard,"Mainboard GIGABYTE Z890 AORUS XTREME AI TOP (Intel Z890, Socket 1851, E-ATX, 4 khe RAM DDR5)",37.990.000,+0%,,,,https://hoanghapc.vn/mainboard-gigabyte-z890-aorus-xtreme-ai-top
Hoàng Hà PC (Hà Nội),Mainboard,"Mainboard GIGABYTE Z890 AI TOP (Intel Z890, Socket 1851, E-ATX, 4 khe RAM DDR5)",20.000.000,+0%,,,,https://hoanghapc.vn/mainboard-gigabyte-z890-ai-top
Hoàng Hà PC (Hà Nội),Mainboard,"Mainboard ASUS ROG CROSSHAIR X870E DARK HERO (AMD X870E, Socket AM5, ATX, 4 khe RAM DDR5)",25.000.000,+0%,,,,https://hoanghapc.vn/mainboard-asus-rog-crosshair-x870e-dark-hero
Hoàng Hà PC (Hà Nội),Mainboard,"Mainboard MSI MAG Z790 TOMAHAWK WIFI DDR5 (Intel Z790, Socket 1700, ATX, 4 khe Ram DDR5)",7.890.000,+0%,,,,https://hoanghapc.vn/mainboard-msi-mag-z790-tomahawk-wifi-ddr5
Hoàng Hà PC (Hà Nội),Mainboard,"Mainboard GIGABYTE X870E AORUS ELITE WIFI7 ICE (AMD X870E, Socket AM5, ATX, 4 khe RAM DDR5)",12.000.000,+0%,,,,https://hoanghapc.vn/mainboard-gigabyte-x870e-aorus-elite-wifi7-ice
Hoàng Hà PC (Hà Nội),Mainboard,"Mainboard ASUS ROG CROSSHAIR X870E EDITION 20 (AMD X870E, Socket AM5, E-ATX, 4 khe RAM DDR5)",99.900.000,+0%,,,,https://hoanghapc.vn/mainboard-asus-rog-crosshair-x870e-edition-20
Hoàng Hà PC (Hà Nội),Mainboard,"Mainboard Asus PRIME H610M-K D4 (Intel H610, LGA 1700, M-ATX, 2 khe Ram DDR4)",2.000.000,+0%,,,,https://hoanghapc.vn/mainboard-asus-prime-h610m-k-d4
Hoàng Hà PC (Hà Nội),Mainboard,"Mainboard MSI MPG X670E CARBON WIFI (AMD X670, Socket AM5, ATX, 4 khe RAM DRR5)",9.000.000,+0%,,,,https://hoanghapc.vn/main-msi-mpg-x670e-carbon-wifi
Hoàng Hà PC (Hà Nội),Mainboard,"Mainboard ASUS ROG MAXIMUS Z790 EXTREME (Intel Z790, Socket 1700, ATX, 4 khe Ram DDR5)",27.990.000,+0%,,,,https://hoanghapc.vn/mainboard-asus-rog-maximus-z790-extreme
Hoàng Hà PC (Hà Nội),Mainboard,"Mainboard Gigabyte Z790 AERO G (Intel Z790, Socket LGA1700, ATX, 4 khe RAM DDR5)",9.990.000,+0%,,,,https://hoanghapc.vn/mainboard-gigabyte-z790-aero-g-ddr5
Hoàng Hà PC (Hà Nội),Mainboard,"Mainboard Gigabyte Z790 UD AC (Intel Z790, Socket LGA1700, ATX, 4 khe RAM DDR5)",5.000.000,+0%,,,,https://hoanghapc.vn/mainboard-gigabyte-z790-ud-ac
Hoàng Hà PC (Hà Nội),Mainboard,"Mainboard ASRock Z790 PG Riptide (Intel Z790, Socket LGA1700, ATX, 4 khe RAM DDR5)",2.890.000,-35.8%,,,,https://hoanghapc.vn/mainboard-asrock-z790-pg-riptide
Hoàng Hà PC (Hà Nội),Mainboard,"Mainboard ASUS PRIME Z890-P WIFI CSM (Intel Z890, Socket 1851, ATX, 4 khe RAM DDR5)",7.000.000,+0%,,,,https://hoanghapc.vn/mainboard-asus-prime-z890-p-wifi-csm
Hoàng Hà PC (Hà Nội),Mainboard,"Mainboard ASRock Z690 STEEL LEGEND/ D5 (Intel Z690, Socket 1700, ATX, 4 khe Ram DDR5)",4.000.000,+0%,,,,https://hoanghapc.vn/mainboard-asrock-z690-steel-legend-d5
Hoàng Hà PC (Hà Nội),Mainboard,"Mainboard Gigabyte B650 AORUS ELITE AX (AMD B650, Socket AM5, ATX, 4 khe RAM DDR5)",6.900.000,+0%,,,,https://hoanghapc.vn/mainboard-gigabyte-b650-aorus-elite-ax
Hoàng Hà PC (Hà Nội),Mainboard,"Mainboard ASUS ROG STRIX B650E-E GAMING WIFI (AMD B650, Socket AM5, ATX, 4 khe RAM DDR5)",8.890.000,+0%,,,,https://hoanghapc.vn/mainboard-asus-rog-strix-b650e-e-gaming-wifi
Hoàng Hà PC (Hà Nội),PSU - Nguồn máy tính,Nguồn Gigabyte GP-UD850GM PG5 850W (80 Plus Gold/ Full Modular),3.200.000,,,,,https://hoanghapc.vn/nguon-gigabyte-gp-ud850gm-pg5
Hoàng Hà PC (Hà Nội),PSU - Nguồn máy tính,Nguồn Gigabyte UD1300GM PG5 1300W (80 Plus Gold | PCIe 5.0 | Full Modular),5.000.000,+0%,,,,https://hoanghapc.vn/nguon-gigabyte-ud1300gm-pg5-1300w
Hoàng Hà PC (Hà Nội),PSU - Nguồn máy tính,Nguồn Gigabyte UD1600PM PG5 AI TOP (1600W/ 80 Plus Platinum/ Full Modular),12.000.000,+0%,,,,https://hoanghapc.vn/nguon-gigabyte-ud1600pm-pg5-ai-top
Hoàng Hà PC (Hà Nội),PSU - Nguồn máy tính,Nguồn DeepCool GamerStorm PF500X 500W (80 Plus Bronze/ Non-Modular/ Black),1.200.000,+0%,,,,https://hoanghapc.vn/nguon-deepcool-gamerstorm-pf500x-500w
Hoàng Hà PC (Hà Nội),PSU - Nguồn máy tính,Nguồn Super Flower Leadex VIII Platinum Pro 1000W ATX 3.1 Black (Cybernetics Platinum/ Full Modular),6.000.000,+0%,,,,https://hoanghapc.vn/nguon-super-flower-leadex-viii-platinum-pro-1000w
Hoàng Hà PC (Hà Nội),PSU - Nguồn máy tính,Nguồn Ocypus Beta P600S 500W - Non Modular,900.000,,,,,https://hoanghapc.vn/nguon-ocypus-beta-p600s-500w
Hoàng Hà PC (Hà Nội),PSU - Nguồn máy tính,Nguồn Asus TUF Gaming 850W Gold EVO (ATX 3.1/ 80 Plus Gold/ Full Modular),3.500.000,+0%,,,,https://hoanghapc.vn/nguon-asus-tuf-gaming-850w-gold-evo
Hoàng Hà PC (Hà Nội),PSU - Nguồn máy tính,Nguồn Super Flower Leadex VII XG ATX 3.1 1300W 80 Plus Gold (Full Modular),6.500.000,+0%,,,,https://hoanghapc.vn/nguon-super-flower-leadex-vii-xg-atx-3-1-1300w
Hoàng Hà PC (Hà Nội),PSU - Nguồn máy tính,Nguồn Super Flower Leadex Titanium 2200W ATX 3.1 (Cybenetics Titanium/ Full-Modular/ Đen),16.000.000,+0%,,,,https://hoanghapc.vn/nguon-super-flower-leadex-titanium-2200w-atx-3-1
Hoàng Hà PC (Hà Nội),PSU - Nguồn máy tính,Nguồn EVGA SuperNOVA 1000G FTW 1000W (80 Plus Gold/ Full Modular/ Black),3.000.000,+0%,,,,https://hoanghapc.vn/nguon-evga-supernova-1000g-ftw-1000w
Hoàng Hà PC (Hà Nội),PSU - Nguồn máy tính,Nguồn Ocypus Beta P350S 350W - Non Modular,600.000,+0%,,,,https://hoanghapc.vn/nguon-ocypus-beta-p350s-350w
Hoàng Hà PC (Hà Nội),PSU - Nguồn máy tính,Nguồn Thermaltake Toughpower GF A3 1050W (80 Plus Gold | ATX 3.0 | PCIe 5.0 | Full Modular),3.500.000,+0%,,,,https://hoanghapc.vn/nguon-thermaltake-toughpower-gf-a3-gold-1050w
Hoàng Hà PC (Hà Nội),PSU - Nguồn máy tính,Nguồn Asus Prime 850W Gold (ATX 3.1/ 80 Plus Gold/ Full Modular) - AP-850G,3.000.000,+0%,,,,https://hoanghapc.vn/nguon-asus-prime-850w-gold
Hoàng Hà PC (Hà Nội),PSU - Nguồn máy tính,Nguồn Segotep GM850 850W (80 Plus Gold/ ATX 3.0/ PCIE 5.0/ Full Modular/ Black),2.990.000,+0%,,,,https://hoanghapc.vn/nguon-segotep-gm850-850w-black
Hoàng Hà PC (Hà Nội),PSU - Nguồn máy tính,Nguồn Segotep Qpower 350W - Non Modular,600.000,+0%,,,,https://hoanghapc.vn/nguon-segotep-qpower-350w
Hoàng Hà PC (Hà Nội),PSU - Nguồn máy tính,Nguồn Segotep GM1250W 1250W ATX 3.0 (80 Plus Gold | PCIE 5.0),3.500.000,,,,,https://hoanghapc.vn/nguon-segotep-gm1250w-1250w-atx-3-0
Hoàng Hà PC (Hà Nội),PSU - Nguồn máy tính,Nguồn Thermaltake Toughpower GT 850W ATX 3.1 (80 Plus Gold/ Full Modular),2.900.000,+7.4%,,,,https://hoanghapc.vn/nguon-thermaltake-toughpower-gt-850w
Hoàng Hà PC (Hà Nội),PSU - Nguồn máy tính,Nguồn Thermaltake TOUGHPOWER GT 1200W (80 Plus Gold | ATX 3.1 | PCIe 5.1 | Full Modular),4.000.000,+0%,,,,https://hoanghapc.vn/nguon-thermaltake-toughpower-gt-1200w
Hoàng Hà PC (Hà Nội),PSU - Nguồn máy tính,Nguồn Thermaltake Toughpower GF A3 750W (80 Plus Gold | ATX 3.0 | PCIe 5.0 | Full Modular),3.200.000,+0%,,,,https://hoanghapc.vn/nguon-thermaltake-gf-a3-750w
Hoàng Hà PC (Hà Nội),PSU - Nguồn máy tính,Nguồn Thermaltake Toughpower GF A3 850W (80 Plus Gold | ATX 3.0 | PCIe 5.0 | Full Modular),3.500.000,+0%,,,,https://hoanghapc.vn/nguon-thermaltake-gf-a3-850w
Hoàng Hà PC (Hà Nội),PSU - Nguồn máy tính,Nguồn Thermaltake Toughpower GF A3 1200W (80 Plus Gold | ATX 3.0 | PCIe 5.0 | Full Modular),5.500.000,+0%,,,,https://hoanghapc.vn/nguon-thermaltake-gf-a3-1200w
Hoàng Hà PC (Hà Nội),PSU - Nguồn máy tính,Nguồn Thermaltake Toughpower GT 850W Snow ATX 3.1 (80 Plus Gold/ Full Modular),3.000.000,+0%,,,,https://hoanghapc.vn/nguon-thermaltake-toughpower-gt-850w-snow
Hoàng Hà PC (Hà Nội),PSU - Nguồn máy tính,Nguồn Super Flower Leadex Platinum 2000W (80 Plus Platinum/Full Modular),10.990.000,+0%,,,,https://hoanghapc.vn/nguon-may-tinh-super-flower-leadex-platinum-2000w
Hoàng Hà PC (Hà Nội),PSU - Nguồn máy tính,Nguồn Super Flower Leadex III Gold 850W White (80 Plus Gold/ Full Modular/ PCIe 5.0),3.150.000,,,,,https://hoanghapc.vn/nguon-super-flower-leadex-iii-gold-850w-white
Hoàng Hà PC (Hà Nội),Màn hình,Màn hình đồ họa AOC U32U3CV/74 (32 inch/ 4K/ IPS/ 60Hz/ USB-C 96W/ Loa),10.990.000,-15.5%,,,,https://hoanghapc.vn/man-hinh-aoc-u32u3cv-74
Hoàng Hà PC (Hà Nội),Màn hình,Màn hình Gaming Gigabyte G34WQC2 (34 inch/ WQHD/ VA 1500R/ 200Hz/ 1ms/ Loa),8.500.000,+0%,,,,https://hoanghapc.vn/man-hinh-gaming-gigabyte-g34wqc2
Hoàng Hà PC (Hà Nội),Màn hình,Màn hình Gaming Gigabyte MO34WQC (34 inch/ 2K/ OLED/ 175Hz/ 0.03ms/ USB-C 18W/ Loa),26.000.000,+0%,,,,https://hoanghapc.vn/man-hinh-gaming-gigabyte-mo34wqc
Hoàng Hà PC (Hà Nội),Màn hình,Màn hình Gigabyte GS25F14 (24.5 inch/ FHD/ IPS/ 144Hz/ 1ms),3.000.000,+0%,,,,https://hoanghapc.vn/man-hinh-gaming-gigabyte-gs25f14
Hoàng Hà PC (Hà Nội),Màn hình,Màn hình Gaming ASUS ROG SWIFT OLED PG27AQWP-W (27 inch/ 2K/ WOLED/ 540Hz/ 0.02ms),42.000.000,+0%,,,,https://hoanghapc.vn/man-hinh-gaming-asus-rog-swift-oled-pg27aqwp-w
Hoàng Hà PC (Hà Nội),Màn hình,Màn hình cong ASUS TUF GAMING VG27VQM (27 inch/ FHD/ IPS/ 240Hz/ 1ms/ Loa),7.000.000,+0%,,,,https://hoanghapc.vn/man-hinh-cong-asus-tuf-gaming-vg27vqm
Hoàng Hà PC (Hà Nội),Màn hình,Màn hình cong Gaming ASUS ROG SWIFT OLED PG39WCDM (39 inch/ 2K/ OLED/ 240Hz/ USB-C 90W),48.000.000,+0%,,,,https://hoanghapc.vn/man-hinh-cong-gaming-asus-rog-swift-oled-pg39wcdm
Hoàng Hà PC (Hà Nội),Màn hình,Màn hình Gaming ASUS ROG SWIFT OLED PG32UCDM (32 inch/ 4K/ QD-OLED/ 240Hz/ USB-C 90W),45.000.000,+0%,,,,https://hoanghapc.vn/man-hinh-gaming-asus-rog-swift-oled-pg32ucdm
Hoàng Hà PC (Hà Nội),Màn hình,Màn hình cong Gaming ASUS ROG SWIFT OLED PG34WCDM (34 inch/ 2K/ OLED/ 240Hz/ USB-C 90W),45.000.000,+0%,,,,https://hoanghapc.vn/man-hinh-cong-gaming-asus-rog-swift-oled-pg34wcdm
Hoàng Hà PC (Hà Nội),Màn hình,Màn hình cong Gaming ASUS ROG SWIFT OLED PG49WCD (49 inch/ 2K/ OLED/ 144Hz/ USB-C 90W),58.000.000,+0%,,,,https://hoanghapc.vn/man-hinh-cong-gaming-asus-rog-swift-oled-pg49wcd
Hoàng Hà PC (Hà Nội),Màn hình,Màn hình Gaming ASUS ROG SWIFT OLED PG32UCDP (32 inch/ 4K/ WOLED/ 240Hz/ USB-C 90W),43.000.000,+0%,,,,https://hoanghapc.vn/man-hinh-gaming-asus-rog-swift-oled-pg32ucdp
Hoàng Hà PC (Hà Nội),Màn hình,Màn hình Gaming ASUS ROG SWIFT OLED PG27UCDM (27 inch/ 4K/ QD-OLED/ 240Hz/ USB-C 90W),35.000.000,+0%,,,,https://hoanghapc.vn/man-hinh-gaming-asus-rog-swift-oled-pg27ucdm
Hoàng Hà PC (Hà Nội),Màn hình,Màn hình Dell Pro P2426H (23.8 inch/ FHD/ IPS/ 120Hz/ USB-C 15W),4.790.000,+0%,,,,https://hoanghapc.vn/man-hinh-dell-pro-p2426h
Hoàng Hà PC (Hà Nội),Màn hình,Màn hình máy tính Dell P2423DE (23.8 inch/ 2K/ IPS/ USB-C 90W),8.000.000,+0%,,,,https://hoanghapc.vn/man-hinh-may-tinh-dell-p2423de
Hoàng Hà PC (Hà Nội),Màn hình,Màn hình LG UltraGear G6 27G610A-B (27 inch/ 2K/ IPS/ 200Hz/ 1ms),6.000.000,+0%,,,,https://hoanghapc.vn/man-hinh-lg-ultragear-g6-27g610a-b
Hoàng Hà PC (Hà Nội),Màn hình,Màn hình Asus ProArt PA279CV USB-C 65W (27 inch/ 4K/ IPS/ 60Hz/ Loa),12.000.000,+0%,,,,https://hoanghapc.vn/man-hinh-asus-proart-pa279cv
Hoàng Hà PC (Hà Nội),Màn hình,Màn hình Samsung Gaming UltraWide Odyssey G5 LC34G55TWWEXXV (34 inch /WQHD/ 165Hz/ VA/ 1ms/ FreeSync/ HDR10/ Curved),7.590.000,+0%,,,,https://hoanghapc.vn/man-hinh-samsung-lc34g55twwexxv
Hoàng Hà PC (Hà Nội),Màn hình,Màn hình Viewsonic VA2409-H (24 inch / FHD / IPS / 75Hz) - Thanh lí,990.000,,,,,https://hoanghapc.vn/man-hinh-viewsonic-va2409-h
Hoàng Hà PC (Hà Nội),Màn hình,Màn hình ASUS TUF GAMING VG27AQL3A-W (27 inch/ 2K/ IPS/ 180Hz/ 1ms/ Loa),8.000.000,+0%,,,,https://hoanghapc.vn/man-hinh-gaming-asus-tuf-gaming-vg27aql3a-w
Hoàng Hà PC (Hà Nội),Màn hình,Màn hình ViewSonic VA24G2-H (24 inch/ FHD/ IPS/ 144Hz/ 1ms),2.700.000,+0%,,,,https://hoanghapc.vn/man-hinh-viewsonic-va24g2-h
Hoàng Hà PC (Hà Nội),Màn hình,Màn hình ASUS VA249HG-R (24 inch/ FHD/ IPS/ 120Hz/ 1ms),2.700.000,+0%,,,,https://hoanghapc.vn/man-hinh-asus-va249hg
Hoàng Hà PC (Hà Nội),Màn hình,Màn hình Dell UltraSharp U3225QE (32 inch/ 4K/ IPS/ 120Hz/ Thunderbolt 4),24.000.000,+0%,,,,https://hoanghapc.vn/man-hinh-dell-ultrasharp-u3225q
Hoàng Hà PC (Hà Nội),Màn hình,Màn hình Asus VA249QGS (24 inch/ FHD/ IPS/ 120Hz/ 1ms/ Loa),4.000.000,,,,,https://hoanghapc.vn/man-hinh-asus-va249qgs
Hoàng Hà PC (Hà Nội),Màn hình,Màn hình ASRock CL27FFA (27 inch/ FHD/ IPS/ 120Hz/ 1ms),2.700.000,,,,,https://hoanghapc.vn/man-hinh-asrock-cl27ffa
